"symbol","name","price"
"NVDC34.SA","NVIDIA Corporation","18.83"
"AAPL34.SA","Apple Inc.","66.42"
"GOGL35.SA","Alphabet Inc.","122.40"
"GOGL34.SA","Alphabet Inc.","122.39"
"MSFT34.SA","Microsoft Corporation","80.23"
"AMZO34.SA","Amazon.com, Inc.","54.68"
"TSMC34.SA","Taiwan Semiconductor Manufacturing Company Limited","215.61"
"AVGO34.SA","Broadcom Inc.","23.28"
"TSLA34.SA","Tesla, Inc.","61.51"
"M1TA34.SA","Meta Platforms, Inc.","102.20"
"BERK34.SA","Berkshire Hathaway Inc.","124.69"
"WALM34.SA","Walmart Inc.","40.25"
"LILY34.SA","Eli Lilly and Company","157.91"
"EXXO34.SA","Exxon Mobil Corporation","108.14"
"VISA34.SA","Visa Inc.","80.02"
"JNJB34.SA","Johnson & Johnson","84.11"
"A1ZN34.SA","AstraZeneca PLC","160.01"
"ASML34.SA","ASML Holding N.V.","126.85"
"MSCD34.SA","Mastercard Incorporated","84.65"
"COWC34.SA","Costco Wholesale Corporation","129.22"
"CHVX34.SA","Chevron Corporation","109.61"
"ORCL34.SA","Oracle Corporation","125.30"
"NFLX34.SA","Netflix, Inc.","10.01"
"MUTC34.SA","Micron Technology, Inc.","310.27"
"ABBV34.SA","AbbVie Inc.","69.10"
"P2LT34.SA","Palantir Technologies Inc.","259.90"
"A1MD34.SA","Advanced Micro Devices, Inc.","134.61"
"PGCO34.SA","The Procter & Gamble Company","53.40"
"CSCO34.SA","Cisco Systems, Inc.","86.90"
"CATP34.SA","Caterpillar Inc.","229.80"
"HOME34.SA","The Home Depot, Inc.","61.35"
"COCA34.SA","The Coca-Cola Company","65.70"
"GEOO34.SA","General Electric Company","1,493.74"
"BABA34.SA","Alibaba Group Holding Limited","23.38"
"MRCK34.SA","Merck & Co., Inc.","78.17"
"N1VS34.SA","Novartis AG","79.04"
"TMCO34.SA","Toyota Motor Corporation","69.05"
"H1SB34.SA","HSBC Holdings plc","104.94"
"L1RC34.SA","Lam Research Corporation","25.39"
"A1MT34.SA","Applied Materials, Inc.","178.61"
"RYTT34.SA","RTX Corporation","169.15"
"PHMO34.SA","Philip Morris International Inc.","432.42"
"WFCO34.SA","Wells Fargo & Company","103.79"
"UNHH34.SA","UnitedHealth Group Incorporated","20.05"
"G2EV34.SA","GE VERNOVA  DRN ED","232.08"
"T1MU34.SA","T-Mobile US, Inc.","552.72"
"IBMB34.SA","International Business Machines Corporation","1,275.00"
"MCDC34.SA","McDonald's Corporation","81.33"
"ITLC34.SA","Intel Corporation","38.57"
"VERZ34.SA","Verizon Communications Inc.","44.52"
"PEPB34.SA","PepsiCo, Inc.","52.96"
"ATTB34.SA","AT&T Inc.","50.85"
"AXPB34.SA","American Express Company","155.97"
"JPMC34.SA","JPMorgan Chase & Co.","152.64"
"SAPP34.SA","SAP SE","878.00"
"K1LA34.SA","KLA Corporation","1,907.40"
"M1UF34.SA","Mitsubishi UFJ Financial Group, Inc.","88.35"
"NEXT34.SA","NextEra Energy, Inc.","119.61"
"AMGN34.SA","Amgen Inc.","65.99"
"TMOS34.SA","Thermo Fisher Scientific Inc.","53.45"
"ABTT34.SA","Abbott Laboratories","45.60"
"TJXC34.SA","The TJX Companies, Inc.","819.20"
"B1PP34.SA","BP p.l.c.","60.77"
"TEXA34.SA","Texas Instruments Incorporated","68.31"
"GILD34.SA","Gilead Sciences, Inc.","365.30"
"SSFO34.SA","Salesforce, Inc.","44.20"
"I1SR34.SA","Intuitive Surgical, Inc.","123.84"
"DISB34.SA","The Walt Disney Company","33.08"
"SCHW34.SA","The Charles Schwab Corporation","61.56"
"N1VO34.SA","Novo Nordisk A/S","24.12"
"COPH34.SA","ConocoPhillips","58.22"
"DEEC34.SA","Deere & Company","102.50"
"PFIZ34.SA","Pfizer Inc.","36.25"
"BCSA34.SA","Banco Santander, S.A.","56.71"
"A1DI34.SA","Analog Devices, Inc.","838.55"
"A1NE34.SA","Arista Networks, Inc.","162.75"
"BOEI34.SA","The Boeing Company","1,027.77"
"S2HO34.SA","Shopify Inc.","5.12"
"A1PH34.SA","Amphenol Corporation","324.70"
"BLAK34.SA","BlackRock, Inc.","76.89"
"U1BE34.SA","Uber Technologies, Inc.","92.64"
"LMTB34.SA","Lockheed Martin Corporation","3,267.51"
"HONB34.SA","Honeywell International Inc.","1,189.77"
"P1DD34.SA","PDD Holdings Inc.","52.74"
"E1TN34.SA","Eaton Corporation plc","136.15"
"QCOM34.SA","QUALCOMM Incorporated","57.27"
"BKNG34.SA","Booking Holdings Inc.","127.70"
"RIOT34.SA","Rio Tinto Group","449.33"
"ABUD34.SA","Anheuser-Busch InBev SA/NV","61.09"
"W1EL34.SA","Welltower Inc.","515.07"
"H1DB34.SA","HDFC Bank Limited","28.00"
"ULEV34.SA","Unilever PLC","314.90"
"DHER34.SA","Danaher Corporation","34.90"
"PETR3.SA","Petróleo Brasileiro S.A. - Petrobras","53.59"
"LOWC34.SA","Lowe's Companies, Inc.","61.50"
"C1BL34.SA","Chubb Limited","425.88"
"B1TI34.SA","British American Tobacco p.l.c.","60.97"
"SNEC34.SA","Sony Group Corporation","111.00"
"S1YK34.SA","Stryker Corporation","85.50"
"BOAC34.SA","Bank of America Corporation","63.15"
"BMYB34.SA","Bristol-Myers Squibb Company","300.08"
"SPGI34.SA","S&P Global Inc.","59.76"
"ACNB34.SA","Accenture plc","1,024.00"
"D1EL34.SA","Dell Technologies Inc.","925.48"
"INTU34.SA","Intuit Inc.","51.57"
"P1LD34.SA","Prologis, Inc.","56.70"
"BILB34.SA","Banco Bilbao Vizcaya Argentaria, S.A.","110.88"
"UBSG34.SA","UBS Group AG","198.00"
"P1GR34.SA","The Progressive Corporation","532.65"
"IBKR34.SA","IB GROUP    DRN","22.44"
"PETR4.SA","Petróleo Brasileiro S.A. - Petrobras","48.13"
"VRTX34.SA","Vertex Pharmaceuticals Incorporated","595.86"
"G1LW34.SA","Corning Incorporated","708.40"
"P1HC34.SA","Parker-Hannifin Corporation","1,185.17"
"CAON34.SA","Capital One Financial Corporation","474.96"
"MOOO34.SA","Altria Group, Inc.","335.28"
"MDTC34.SA","Medtronic plc","227.69"
"N1OW34.SA","ServiceNow, Inc.","10.97"
"G1SK34.SA","GSK plc","57.12"
"N1EM34.SA","Newmont Corporation","522.03"
"H1CA34.SA","HCA Healthcare, Inc.","126.52"
"M1CK34.SA","McKesson Corporation","1,149.97"
"GSGI34.SA","The Goldman Sachs Group, Inc.","143.74"
"CMCS34.SA","Comcast Corporation","30.18"
"CHME34.SA","CME Group Inc.","386.28"
"SBUB34.SA","Starbucks Corporation","477.60"
"E1QN34.SA","Equinor ASA","108.35"
"B1SX34.SA","Boston Scientific Corporation","362.31"
"I1RP34.SA","Trane Technologies plc","1,140.33"
"PRXB31.SA","PROSUS N.V. DR1","24.31"
"DUKB34.SA","Duke Energy Corporation","670.00"
"NOCG34.SA","Northrop Grumman Corporation","722.16"
"S1PO34.SA","Spotify Technology S.A.","628.36"
"ADBE34.SA","Adobe Inc.","25.25"
"ARNC34.SA","Howmet Aerospace Inc.","1,232.62"
"GDBR34.SA","General Dynamics Corporation","1,851.85"
"W1DC34.SA","Western Digital Corporation","1,447.92"
"EQIX34.SA","Equinix, Inc.","63.12"
"W1MC34.SA","Waste Management, Inc.","593.75"
"CVSH34.SA","CVS Health Corporation","37.40"
"B1AM34.SA","Brookfield Corporation","52.60"
"W1MB34.SA","The Williams Companies, Inc.","385.32"
"ITUB3.SA","Itaú Unibanco Holding S.A.","41.07"
"ITUB4.SA","Itaú Unibanco Holding S.A.","42.25"
"M1TT34.SA","Marriott International, Inc.","425.70"
"S1TX34.SA","Seagate Technology Holdings plc","1,992.04"
"M1MC34.SA","Marsh & McLennan Companies, Inc.","461.51"
"FDXB34.SA","FedEx Corporation","1,863.54"
"Q1UA34.SA","Quanta Services, Inc.","247.50"
"E1OG34.SA","EOG Resources, Inc.","380.42"
"MELI34.SA","MercadoLibre, Inc.","71.01"
"UPSS34.SA","United Parcel Service, Inc.","31.90"
"ADPR34.SA","Automatic Data Processing, Inc.","44.76"
"N1GG34.SA","National Grid plc","72.25"
"BONY34.SA","The Bank of New York Mellon Corporation","615.66"
"J1CI34.SA","Johnson Controls International plc","702.00"
"USBC34.SA","U.S. Bancorp","67.69"
"MCOR34.SA","Moody's Corporation","560.00"
"SLBG34.SA","SLB N.V.","138.00"
"FCXO34.SA","Freeport-McMoRan Inc.","96.92"
"S1HW34.SA","The Sherwin-Williams Company","164.96"
"ORLY34.SA","O'Reilly Automotive, Inc.","1.57"
"AIRB34.SA","Airbnb, Inc.","34.33"
"T1OW34.SA","American Tower Corporation","36.75"
"S1NP34.SA","Synopsys, Inc.","534.12"
"REGN34.SA","Regeneron Pharmaceuticals, Inc.","64.21"
"C1DN34.SA","Cadence Design Systems, Inc.","737.86"
"NIKE34.SA","NIKE, Inc.","27.24"
"VLOE34.SA","Valero Energy Corporation","650.87"
"C1MI34.SA","Cummins Inc.","728.00"
"MMMC34.SA","3M Company","190.58"
"R1CL34.SA","Royal Caribbean Cruises Ltd.","720.51"
"MDLZ34.SA","Mondelez International, Inc.","153.70"
"L1YG34.SA","Lloyds Banking Group plc","26.07"
"KMIC34.SA","Kinder Morgan, Inc.","176.58"
"C1TA34.SA","Cintas Corporation","187.75"
"INGG34.SA","ING Groep N.V.","134.81"
"B1CS34.SA","Barclays PLC","112.53"
"E1CL34.SA","Ecolab Inc.","342.04"
"C1IC34.SA","The Cigna Group","350.65"
"CPRL34.SA","Canadian Pacific Kansas City Limited","103.56"
"H1LT34.SA","Hilton Worldwide Holdings Inc.","65.77"
"GMCO34.SA","General Motors Company","98.91"
"A1ON34.SA","Aon plc","427.57"
"M1NS34.SA","Monster Beverage Corporation","47.52"
"M1PC34.SA","Marathon Petroleum Corporation","1,259.52"
"NETE34.SA","NetEase, Inc.","57.82"
"ROST34.SA","Ross Stores, Inc.","566.26"
"A1EP34.SA","American Electric Power Company, Inc.","339.32"
"ROXO34.SA","Nu Holdings Ltd.","12.36"
"COLG34.SA","Colgate-Palmolive Company","63.53"
"BPAC3.SA","Banco BTG Pactual S.A.","36.00"
"W1BD34.SA","Warner Bros. Discovery, Inc.","141.96"
"T1DG34.SA","TransDigm Group Incorporated","122.71"
"D2AS34.SA","DoorDash, Inc.","53.11"
"L1HX34.SA","L3Harris Technologies, Inc.","459.08"
"E1LV34.SA","Elevance Health, Inc.","310.00"
"TRVC34.SA","The Travelers Companies, Inc.","47.50"
"A1PD34.SA","Air Products and Chemicals, Inc.","377.35"
"VALE3.SA","Vale S.A.","78.57"
"OXYP34.SA","Occidental Petroleum Corporation","55.51"
"S1RE34.SA","Sempra","125.16"
"T1EL34.SA","TE Connectivity plc","547.56"
"R1EL34.SA","RELX PLC","44.44"
"CNIC34.SA","Canadian National Railway Company","22.12"
"D1LR34.SA","Digital Realty Trust, Inc.","226.07"
"B1KR34.SA","Baker Hughes Company","320.96"
"F1TN34.SA","Fortinet, Inc.","211.06"
"MSBR34.SA","Morgan Stanley","171.48"
"SIMN34.SA","Simon Property Group, Inc.","237.87"
"O1KE34.SA","ONEOK, Inc.","242.89"
"R1IN34.SA","Realty Income Corporation","158.27"
"F1AN34.SA","Diamondback Energy, Inc.","504.95"
"AZOI34.SA","AutoZone, Inc.","80.57"
"B1BT34.SA","Truist Financial Corporation","235.77"
"S2NW34.SA","Snowflake Inc.","21.33"
"C1TV34.SA","Corteva, Inc.","108.14"
"N1WG34.SA","NatWest Group plc","75.76"
"A1TT34.SA","The Allstate Corporation","45.75"
"I1FO34.SA","Infosys Limited","34.92"
"D1OM34.SA","Dominion Energy, Inc.","160.48"
"TGTB34.SA","Target Corporation","609.39"
"Z1TS34.SA","Zoetis Inc.","38.20"
"FASL34.SA","Fastenal Company","234.96"
"K1SG34.SA","Keysight Technologies, Inc.","774.54"
"G1WW34.SA","W.W. Grainger, Inc.","138.48"
"EAIN34.SA","Electronic Arts Inc.","527.60"
"BPAC5.SA","Banco BTG Pactual S.A.","11.38"
"A1UT34.SA","Autodesk, Inc.","308.43"
"P1SA34.SA","Public Storage","284.27"
"E1XC34.SA","Exelon Corporation","255.84"
"C1AH34.SA","Cardinal Health, Inc.","1,108.89"
"X1EL34.SA","Xcel Energy Inc.","201.47"
"A1ME34.SA","AMETEK, Inc.","46.85"
"CTGP34.SA","Citigroup Inc.","97.92"
"N1XP34.SA","NXP Semiconductors N.V.","501.99"
"N1DA34.SA","Nasdaq, Inc.","220.75"
"E1WL34.SA","Edwards Lifesciences Corporation","107.68"
"S2EA34.SA","Sea Limited","16.81"
"U1RI34.SA","United Rentals, Inc.","139.29"
"FDMO34.SA","Ford Motor Company","60.57"
"NOKI34.SA","Nokia Oyj","43.68"
"I1DX34.SA","IDEXX Laboratories, Inc.","602.27"
"C2OI34.SA","Coinbase Global, Inc.","36.39"
"METB34.SA","MetLife, Inc.","367.41"
"B1DX34.SA","Becton, Dickinson and Company","164.73"
"D1HI34.SA","D.R. Horton, Inc.","706.89"
"ABEV3.SA","Ambev S.A.","14.93"
"F2NV34.SA","Franco-Nevada Corporation","6.70"
"DEAI34.SA","Delta Air Lines, Inc.","355.95"
"HSHY34.SA","The Hershey Company","227.30"
"D1DG34.SA","Datadog, Inc.","64.13"
"A1RG34.SA","argenx SE","143.22"
"PYPL34.SA","PayPal Holdings, Inc.","11.85"
"C1MG34.SA","Chipotle Mexican Grill, Inc.","8.52"
"A1MP34.SA","Ameriprise Financial, Inc.","590.79"
"DEOP34.SA","Diageo plc","21.59"
"AIGB34.SA","American International Group, Inc.","393.60"
"M1SC34.SA","MSCI Inc.","64.49"
"EBAY34.SA","eBay Inc.","232.81"
"I1CE34.SA","Intercontinental Exchange, Inc.","412.00"
"JDCO34.SA","JD.com, Inc.","25.53"
"S1YY34.SA","Sysco Corporation","218.66"
"C1BR34.SA","CBRE Group, Inc.","704.37"
"N1UE34.SA","Nucor Corporation","73.49"
"R1OP34.SA","Roper Technologies, Inc.","184.45"
"V1TA34.SA","Ventas, Inc.","216.00"
"H1EI34.SA","HEICO Corporation","146.30"
"ARMT34.SA","ArcelorMittal S.A.","134.00"
"WEGE3.SA","WEG S.A.","47.72"
"O1DF34.SA","Old Dominion Freight Line, Inc.","48.00"
"E1RI34.SA","Telefonaktiebolaget LM Ericsson (publ)","29.58"
"R2BL34.SA","Roblox Corporation","28.10"
"T1SS34.SA","Tenaris S.A.","150.15"
"BIDU34.SA","Baidu, Inc.","41.05"
"P1UK34.SA","Prudential plc","38.89"
"L1VS34.SA","Las Vegas Sands Corp.","57.48"
"X1YZ34.SA","Block, Inc.","12.51"
"G1FI34.SA","Gold Fields Limited","106.36"
"T1TW34.SA","Take-Two Interactive Software, Inc.","255.84"
"K1BF34.SA","KB Financial Group Inc.","132.03"
"BBDC4.SA","Banco Bradesco S.A.","18.92"
"BBDC3.SA","Banco Bradesco S.A.","16.47"
"M1CH34.SA","Microchip Technology Incorporated","173.07"
"A1DM34.SA","Archer-Daniels-Midland Company","383.04"
"BPAC11.SA","Banco BTG Pactual S.A.","55.07"
"C1CL34.SA","Carnival Corporation & plc","132.50"
"T1EV34.SA","Teva Pharmaceutical Industries Limited","77.52"
"V1OD34.SA","Vodafone Group Public Limited Company","38.41"
"R1MD34.SA","ResMed Inc.","303.59"
"C1CI34.SA","Crown Castle Inc.","100.95"
"I1XC34.SA","ORIX Corporation","19.99"
"D1VN34.SA","Devon Energy Corporation","263.00"
"HALI34.SA","Halliburton Company","208.39"
"C1HT34.SA","Chunghwa Telecom Co., Ltd.","55.96"
"P1DT34.SA","Prudential Financial, Inc.","249.75"
"GEHC34.SA","GEHEALTHCAREDRN","47.25"
"KMBB34.SA","Kimberly-Clark Corporation","521.92"
"CRIP34.SA","Trip.com Group Limited","264.88"
"A1GI34.SA","Agilent Technologies, Inc.","299.11"
"W1DA34.SA","Workday, Inc.","41.60"
"P1AY34.SA","Paychex, Inc.","237.84"
"HOND34.SA","Honda Motor Co., Ltd.","130.65"
"E1CO34.SA","Ecopetrol S.A.","39.08"
"O1TI34.SA","Otis Worldwide Corporation","42.80"
"C1PR34.SA","Copart, Inc.","86.49"
"H1PE34.SA","Hewlett Packard Enterprise Company","115.55"
"I1RM34.SA","Iron Mountain Incorporated","524.70"
"F1IS34.SA","Fiserv, Inc.","152.68"
"N1RG34.SA","NRG Energy, Inc.","765.52"
"U1AL34.SA","United Airlines Holdings, Inc.","241.93"
"V2EE34.SA","Veeva Systems Inc.","30.89"
"ITSA4.SA","Itaúsa S.A.","13.45"
"D1OW34.SA","Dow Inc.","52.16"
"ITSA3.SA","Itaúsa S.A.","13.39"
"EXGR34.SA","Expedia Group, Inc.","605.70"
"T1EC34.SA","TechnipFMC plc","368.20"
"STMN34.SA","STMicroelectronics N.V.","164.50"
"I1QV34.SA","IQVIA Holdings Inc.","217.13"
"CHCM34.SA","Charter Communications, Inc.","19.01"
"BIIB34.SA","Biogen Inc.","160.16"
"AXIA6.SA","AXIA Energia SA","62.55"
"SANB11.SA","Banco Santander (Brasil) S.A.","29.70"
"A1WK34.SA","American Water Works Company, Inc.","179.11"
"STZB34.SA","Constellation Brands, Inc.","199.39"
"C1OG34.SA","Coterra Energy Inc.","181.26"
"KLBN11.SA","Klabin S.A.","19.17"
"DGCO34.SA","Dollar General Corporation","25.47"
"ELCI34.SA","The Estée Lauder Companies Inc.","15.66"
"R1OL34.SA","Rollins, Inc.","282.24"
"D1EX34.SA","DexCom, Inc.","7.02"
"KHCB34.SA","The Kraft Heinz Company","28.47"
"F1NI34.SA","Fidelity National Information Services, Inc.","15.34"
"E1SE34.SA","Eversource Energy","176.00"
"BBAS3.SA","Banco do Brasil S.A.","23.03"
"VIVT3.SA","Telefônica Brasil S.A.","40.41"
"AXIA3.SA","AXIA Energia SA","57.30"
"W1RB34.SA","W. R. Berkley Corporation","33.72"
"L1YB34.SA","LyondellBasell Industries N.V.","198.55"
"MKLC34.SA","Markel Group Inc.","496.80"
"E1QR34.SA","Equity Residential","154.95"
"T1SC34.SA","Tractor Supply Company","13.33"
"U2TH34.SA","United Therapeutics Corporation","143.91"
"D1RI34.SA","Darden Restaurants, Inc.","261.49"
"P1PG34.SA","PPG Industries, Inc.","279.72"
"S1YF34.SA","Synchrony Financial","347.80"
"O1MC34.SA","Omnicom Group Inc.","198.04"
"Z1OM34.SA","Zoom Communications, Inc.","16.70"
"U1LT34.SA","Ulta Beauty, Inc.","138.15"
"A1VB34.SA","AvalonBay Communities, Inc.","214.93"
"C1FI34.SA","CF Industries Holdings, Inc.","665.31"
"L1EN34.SA","Lennar Corporation","478.11"
"B1NT34.SA","BioNTech SE","29.07"
"H1UM34.SA","Humana Inc.","21.40"
"NMRH34.SA","Nomura Holdings, Inc.","39.52"
"K1EY34.SA","KeyCorp","104.02"
"SANB4.SA","Banco Santander (Brasil) S.A.","15.04"
"M1RN34.SA","Moderna, Inc.","14.01"
"SANB3.SA","Banco Santander (Brasil) S.A.","14.71"
"S1OU34.SA","Southwest Airlines Co.","210.99"
"N1TA34.SA","NetApp, Inc.","552.08"
"R1LC34.SA","Ralph Lauren Corporation","907.78"
"M1DB34.SA","MongoDB, Inc.","65.18"
"FSLR34.SA","First Solar, Inc.","501.78"
"A1LB34.SA","Albemarle Corporation","38.65"
"L1DO34.SA","Leidos Holdings, Inc.","83.18"
"SBSP3.SA","Companhia de Saneamento Básico do Estado de São Paulo - SABESP","153.33"
"P1KG34.SA","Packaging Corporation of America","557.76"
"I1HG34.SA","InterContinental Hotels Group PLC","116.83"
"T1WL34.SA","Twilio Inc.","26.62"
"E1VR34.SA","Evergy, Inc.","212.46"
"J1BH34.SA","J.B. Hunt Transport Services, Inc.","31.92"
"T1RO34.SA","T. Rowe Price Group, Inc.","235.52"
"G1PI34.SA","Global Payments Inc.","91.17"
"G1MI34.SA","General Mills, Inc.","190.19"
"DDNB34.SA","DuPont de Nemours, Inc.","241.22"
"S1NA34.SA","Snap-on Incorporated","475.25"
"B1RF34.SA","Broadridge Financial Solutions, Inc.","214.19"
"Z1TO34.SA","ZTO Express (Cayman) Inc.","32.88"
"I1LM34.SA","Illumina, Inc.","129.11"
"W2ST34.SA","West Pharmaceutical Services, Inc.","35.76"
"JBSS32.SA","JBS N.V.","87.23"
"HPQB34.SA","HP Inc.","103.59"
"A1CR34.SA","Amcor plc","208.42"
"I1NC34.SA","Incyte Corporation","240.72"
"T1AM34.SA","Atlassian Corporation","18.02"
"T1LK34.SA","Perusahaan Perseroan (Persero) PT Telekomunikasi Indonesia Tbk","47.82"
"I1PC34.SA","International Paper Company","178.58"
"HSRE11.SA","Hsi Renda Imobiliario - Fundo De Investimento Imobiliario","106.00"
"C1NC34.SA","Centene Corporation","178.00"
"N1VR34.SA","NVR, Inc.","670.50"
"L1UL34.SA","lululemon athletica inc.","199.68"
"C1GP34.SA","CoStar Group, Inc.","2.16"
"A1KA34.SA","Akamai Technologies, Inc.","52.28"
"Y2PF34.SA","YPF Sociedad Anónima","227.47"
"B3SA3.SA","B3 S.A. - Brasil, Bolsa, Balcão","17.82"
"W1YC34.SA","Weyerhaeuser Company","121.80"
"S2UI34.SA","Sun Communities, Inc.","33.49"
"H1II34.SA","Huntington Ingalls Industries, Inc.","28.72"
"C1HK34.SA","Check Point Software Technologies Ltd.","373.53"
"RDOR3.SA","Rede D'Or São Luiz S.A.","38.51"
"E1SS34.SA","Essex Property Trust, Inc.","127.45"
"H1TH34.SA","H World Group Limited","64.82"
"A1PA34.SA","APA Corporation","224.62"
"APTV34.SA","Aptiv PLC","185.77"
"M1AA34.SA","Mid-America Apartment Communities, Inc.","160.48"
"B1SA34.SA","Banco Santander-Chile","82.90"
"G1PC34.SA","Genuine Parts Company","270.27"
"W1SO34.SA","Watsco, Inc.","74.00"
"I1EX34.SA","IDEX Corporation","50.20"
"A1SN34.SA","Ascendis Pharma A/S","76.05"
"O1KT34.SA","Okta, Inc.","20.33"
"M1KC34.SA","McCormick & Company, Incorporated","68.00"
"S1NN34.SA","Smith & Nephew plc","34.05"
"H1AS34.SA","Hasbro, Inc.","240.15"
"CLXC34.SA","The Clorox Company","135.39"
"R1KU34.SA","Roku, Inc.","24.00"
"H1ST34.SA","Host Hotels & Resorts, Inc.","101.44"
"A1GN34.SA","Allegion plc","380.01"
"N1BI34.SA","Neurocrine Biosciences, Inc.","34.17"
"BBYY34.SA","Best Buy Co., Inc.","318.30"
"BBSE3.SA","BB Seguridade Participações S.A.","34.64"
"A1LG34.SA","Align Technology, Inc.","235.00"
"H2UB34.SA","HubSpot, Inc.","25.41"
"W1MG34.SA","Warner Music Group Corp.","31.38"
"TSNC11.SA","Transinc Fundo","60.00"
"H1RL34.SA","Hormel Foods Corporation","118.44"
"P2IN34.SA","Pinterest, Inc.","16.61"
"D2PZ34.SA","Domino's Pizza, Inc.","38.07"
"TIMS3.SA","TIM S.A.","26.89"
"SUZB3.SA","Suzano S.A.","50.59"
"S1YM34.SA","Gen Digital Inc.","102.19"
"G2DD34.SA","GoDaddy Inc.","44.00"
"S1KM34.SA","SK Telecom Co., Ltd.","38.90"
"U1HS34.SA","Universal Health Services, Inc.","241.75"
"R1DY34.SA","Dr. Reddy's Laboratories Limited","11.82"
"Z1BR34.SA","Zebra Technologies Corporation","36.63"
"I1VZ34.SA","Invesco Ltd.","126.24"
"PRIO3.SA","Prio S.A.","68.70"
"A1EG34.SA","Aegon Ltd.","36.56"
"B1FC34.SA","Brown-Forman Corporation","120.36"
"Z2LL34.SA","Zillow Group, Inc.","19.14"
"D2KN34.SA","DraftKings Inc.","18.42"
"DVAI34.SA","DaVita Inc.","813.50"
"C2PT34.SA","Camden Property Trust","35.04"
"K1TC34.SA","KT Corporation","112.64"
"T2TD34.SA","The Trade Desk, Inc.","1.14"
"CPFE3.SA","CPFL Energia S.A.","46.55"
"EMBJ3.SA","Embraer S.A.","74.97"
"W2YF34.SA","Wayfair Inc.","11.56"
"CXSE3.SA","Caixa Seguridade Participações S.A.","17.53"
"A1ES34.SA","The AES Corporation","73.77"
"PSKY34.SA","PARA SKYDNC DRN ED","47.20"
"EQTL3.SA","Equatorial S.A.","40.33"
"XPBR31.SA","XP Inc.","97.74"
"R1VT34.SA","Revvity, Inc.","16.00"
"RENT3.SA","Localiza Rent a Car S.A.","46.52"
"BOXP34.SA","BXP, Inc.","27.92"
"E1DU34.SA","New Oriental Education & Technology Group Inc.","19.44"
"B1IL34.SA","Bilibili Inc.","23.87"
"GPSI34.SA","The Gap, Inc.","129.69"
"D1OC34.SA","DocuSign, Inc.","12.40"
"N1CL34.SA","Norwegian Cruise Line Holdings Ltd.","104.90"
"D2AR34.SA","Darling Ingredients Inc.","37.48"
"CMIG3.SA","Companhia Energética de Minas Gerais - CEMIG","16.57"
"B1AX34.SA","Baxter International Inc.","45.00"
"A1DC34.SA","AGREE REALTYDRN","48.65"
"G1DS34.SA","GDS Holdings Limited","23.50"
"ENEV3.SA","Eneva S.A.","24.38"
"S1SL34.SA","Skyworks Solutions, Inc.","149.50"
"P2CO34.SA","Procore Technologies, Inc.","29.94"
"CPLE3.SA","Companhia Paranaense de Energia - COPEL","15.10"
"T1CH34.SA","Bio-Techne Corporation","9.48"
"J1EF34.SA","Jefferies Financial Group Inc.","208.11"
"A1RE34.SA","Alexandria Real Estate Equities, Inc.","62.90"
"N1OV34.SA","NOV Inc.","102.00"
"A1TH34.SA","Autohome Inc.","9.01"
"S1BS34.SA","Sibanye Stillwater Limited","29.65"
"RADL3.SA","Raia Drogasil S.A.","23.81"
"M1CB34.SA","Molson Coors Beverage Company","220.00"
"MOSC34.SA","The Mosaic Company","21.47"
"NEOE3.SA","Neoenergia S.A.","33.25"
"RIGG34.SA","Transocean Ltd.","36.08"
"Q1RV34.SA","Qorvo, Inc.","213.99"
"U2ST34.SA","Unity Software Inc.","4.52"
"FMXB34.SA","Fomento Económico Mexicano, S.A.B. de C.V.","566.01"
"CMIG4.SA","Companhia Energética de Minas Gerais - CEMIG","12.35"
"M1TC34.SA","Match Group, Inc.","8.05"
"LBRD34.SA","Liberty Broadband Corporation","22.00"
"C1AG34.SA","Conagra Brands, Inc.","79.04"
"D2OX34.SA","Amdocs Limited","43.21"
"N1IC34.SA","NICE Ltd.","25.00"
"VBBR3.SA","Vibra Energia S.A.","31.00"
"AALL34.SA","American Airlines Group Inc.","55.73"
"L1MN34.SA","Lumen Technologies, Inc.","35.70"
"C1NS34.SA","Celanese Corporation","163.19"
"GGBR4.SA","Gerdau S.A.","18.38"
"S2TA34.SA","STAG Industrial, Inc.","37.72"
"EGIE3.SA","Engie Brasil Energia S.A.","31.50"
"T1AL34.SA","TAL Education Group","5.91"
"M1LC34.SA","Melco Resorts & Entertainment Limited","14.44"
"M1KT34.SA","MarketAxess Holdings Inc.","18.21"
"VLYB34.SA","Valley National Bancorp","62.16"
"P1YC34.SA","Paycom Software, Inc.","20.76"
"M1HK34.SA","Mohawk Industries, Inc.","20.90"
"GGBR3.SA","Gerdau S.A.","16.65"
"C1PB34.SA","The Campbell's Company","109.00"
"C2HD34.SA","Churchill Downs Incorporated","22.60"
"PSSA3.SA","Porto Seguro S.A.","48.83"
"ENGI3.SA","Energisa S.A.","12.45"
"MOTV3.SA","Motiva Infraestrutura de Mobilidade S.A.","15.38"
"P2AT34.SA","UiPath, Inc.","7.16"
"UGPA3.SA","Ultrapar Participações S.A.","28.35"
"RAIL3.SA","Rumo S.A.","16.04"
"AURA33.SA","Aura Minerals Inc.","118.43"
"L1WH34.SA","Lamb Weston Holdings, Inc.","105.88"
"MBRF3.SA","MBRF Global Foods Company S.A.","20.37"
"E2ST34.SA","Elastic N.V.","21.81"
"W1IX34.SA","Wix.com Ltd.","15.52"
"CMIN3.SA","CSN Mineração S.A.","4.89"
"MACY34.SA","Macy's, Inc.","96.79"
"ENGI4.SA","Energisa S.A.","9.50"
"KLBN4.SA","Klabin S.A.","3.85"
"KLBN3.SA","Klabin S.A.","3.84"
"F1SL34.SA","Fastly, Inc.","15.32"
"ENGI11.SA","Energisa S.A.","50.46"
"ISAE3.SA","ISA Energía Brasil S.A.","34.52"
"K2CG34.SA","Kingsoft Cloud Holdings Limited","12.56"
"CSMG3.SA","Companhia de Saneamento de Minas Gerais","55.51"
"CSAN3.SA","Cosan S.A.","5.27"
"TOTS3.SA","TOTVS S.A.","34.69"
"B2HI34.SA","BILL Holdings, Inc.","1.12"
"H1HH34.SA","HOWARD H HLDDRN","42.40"
"B1BW34.SA","Bath & Body Works, Inc.","23.88"
"INBR32.SA","Inter & Co, Inc.","43.02"
"A1LL34.SA","Bread Financial Holdings, Inc.","100.60"
"ISAE4.SA","ISA Energía Brasil S.A.","28.54"
"W1HR34.SA","Whirlpool Corporation","70.20"
"W1PP34.SA","WPP plc","16.42"
"CGAS5.SA","Companhia de Gás de São Paulo - COMGÁS","133.38"
"CGAS3.SA","Companhia de Gás de São Paulo - COMGÁS","126.40"
"A1AP34.SA","Advance Auto Parts, Inc.","17.10"
"HYPE3.SA","Hypera S.A.","23.24"
"REDE3.SA","Rede Energia Participações S.A.","6.28"
"MRSA3B.SA","MRS Logística S.A.","47.65"
"ALUP11.SA","Alupar Investimento S.A.","34.77"
"I1AC34.SA","IAC Inc.","10.18"
"E2EF34.SA","Euronet Worldwide, Inc.","2.42"
"MRSA6B.SA","MRS Logística S.A.","44.99"
"MULT3.SA","Multiplan Empreendimentos Imobiliários S.A.","30.91"
"EQPA3.SA","Equatorial Pará Distribuidora de Energia S.A.","6.86"
"SAPR3.SA","Companhia de Saneamento do Paraná - SANEPAR","9.91"
"M2PT34.SA","Medical Properties Trust, Inc.","12.32"
"WUNI34.SA","The Western Union Company","47.28"
"LREN3.SA","Lojas Renner S.A.","15.10"
"ALOS3.SA","Allos S.A.","29.54"
"TAEE4.SA","Transmissora Aliança de Energia Elétrica S.A.","14.18"
"A1IV34.SA","Apartment Investment and Management Company","21.10"
"PAGS34.SA","PagSeguro Digital Ltd.","10.42"
"IGTI4.SA","Iguatemi S.A.","12.04"
"S1LG34.SA","SL Green Realty Corp.","96.41"
"TAEE11.SA","Transmissora Aliança de Energia Elétrica S.A.","42.06"
"TAEE3.SA","Transmissora Aliança de Energia Elétrica S.A.","13.80"
"GOLL54.SA","Gol Linhas Aéreas Inteligentes S.A.","11.37"
"ANCR11.SA","Fundo de Investimento Imobiliário - FII Ancar IC","498.00"
"R2HH34.SA","RH","11.69"
"ALUP3.SA","Alupar Investimento S.A.","13.18"
"NATU3.SA","Natura Cosméticos S.A.","9.41"
"SAPR11.SA","Companhia de Saneamento do Paraná - SANEPAR","42.78"
"BRKM6.SA","Braskem S.A.","8.11"
"R1HI34.SA","Robert Half Inc.","127.20"
"U1AI34.SA","Under Armour, Inc.","30.00"
"CEEB3.SA","Companhia de Eletricidade do Estado da Bahia - COELBA","47.75"
"GGPS3.SA","GPS Participações e Empreendimentos S.A.","16.53"
"XRAY34.SA","DENTSPLY SIRONA Inc.","61.92"
"SAPR4.SA","Companhia de Saneamento do Paraná - SANEPAR","8.18"
"BNBR3.SA","Banco do Nordeste do Brasil S.A.","123.00"
"AURE3.SA","Auren Energia S.A.","11.59"
"S1RP34.SA","Sarepta Therapeutics, Inc.","5.73"
"SMFT3.SA","Smartfit Escola de Ginástica e Dança S.A.","18.70"
"W1BO34.SA","Weibo Corporation","11.30"
"ASAI3.SA","Sendas Distribuidora S.A.","8.19"
"CURY3.SA","Cury Construtora e Incorporadora S.A.","35.43"
"GOAU4.SA","Metalurgica Gerdau S.A.","8.22"
"H1OG34.SA","Harley-Davidson, Inc.","91.50"
"GOAU3.SA","Metalurgica Gerdau S.A.","8.14"
"ALUP4.SA","Alupar Investimento S.A.","10.86"
"CEEB5.SA","Companhia de Eletricidade do Estado da Bahia - COELBA","40.85"
"GMAT3.SA","Grupo Mateus S.A.","4.63"
"P2EN34.SA","PENN Entertainment, Inc.","7.97"
"G1LP34.SA","Galapagos NV","7.91"
"F1MC34.SA","FMC Corporation","41.24"
"ENMT3.SA","Energisa Mato Grosso - Distribuidora de Energia S/A","46.12"
"CYRE3.SA","Cyrela Brazil Realty S.A. Empreendimentos e Participações","27.40"
"J2WA34.SA","John Wiley & Sons, Inc.","38.08"
"G1LO34.SA","GLOBANT SA  DRN","11.02"
"EKTR3.SA","Elektro Redes S.A.","50.00"
"P2AX34.SA","Patria Investments Limited","30.12"
"COTY34.SA","Coty Inc.","5.35"
"BRAV3.SA","Brava Energia S.A.","20.00"
"BMEB4.SA","Banco Mercantil do Brasil S.A.","74.80"
"SLCE3.SA","SLC Agrícola S.A.","18.45"
"BRAP4.SA","Bradespar S.A.","22.18"
"CSNA3.SA","Companhia Siderúrgica Nacional","6.48"
"BMEB3.SA","Banco Mercantil do Brasil S.A.","65.01"
"FLRY3.SA","Fleury S.A.","15.35"
"A1RC34.SA","ARCO DORADOSDRN","39.00"
"USIM5.SA","Usinas Siderúrgicas de Minas Gerais S.A.","6.67"
"BRKM5.SA","Braskem S.A.","10.27"
"ALPA4.SA","Alpargatas S.A.","12.02"
"USIM3.SA","Usinas Siderúrgicas de Minas Gerais S.A.","6.59"
"KNCR11.SA","Kinea Rendimentos Imobiliários Fundo de Investimento Imobiliário - FII","105.03"
"BRAP3.SA","Bradespar S.A.","19.33"
"ALPA3.SA","Alpargatas S.A.","11.59"
"TTEN3.SA","Três Tentos Agroindustrial S/A","15.68"
"N1WL34.SA","Newell Brands Inc.","18.45"
"BRSR3.SA","Banco do Estado do Rio Grande do Sul S.A.","18.75"
"U2PW34.SA","Upwork Inc.","11.76"
"POMO4.SA","Marcopolo S.A.","6.09"
"MDIA3.SA","M. Dias Branco S.A. Indústria e Comércio de Alimentos","22.20"
"EKTR4.SA","Elektro Redes S.A.","38.40"
"KNIP11.SA","Kinea Indices Precos Fundo Investimento Imobiliario - FII","91.41"
"ODPV3.SA","Odontoprev S.A.","13.37"
"BRKM3.SA","Braskem S.A.","9.00"
"POMO3.SA","Marcopolo S.A.","5.72"
"BRSR6.SA","Banco do Estado do Rio Grande do Sul S.A.","17.26"
"L1EG34.SA","Leggett & Platt, Incorporated","51.40"
"DIRR3.SA","Direcional Engenharia S.A.","13.38"
"BRSR5.SA","Banco do Estado do Rio Grande do Sul S.A.","17.00"
"MGLU3.SA","Magazine Luiza S.A.","8.54"
"P1RG34.SA","Perrigo Company plc","50.35"
"CBAV3.SA","Companhia Brasileira de Alumínio","10.29"
"SMTO3.SA","São Martinho S.A.","20.75"
"UNIP5.SA","Unipar Carbocloro S.A.","60.00"
"WHRL4.SA","Whirlpool S.A.","4.40"
"UNIP6.SA","Unipar Carbocloro S.A.","58.45"
"UNIP3.SA","Unipar Carbocloro S.A.","58.01"
"WHRL3.SA","Whirlpool S.A.","4.20"
"ORVR3.SA","Orizon Valorização de Resíduos S.A.","66.08"
"I1QY34.SA","iQIYI, Inc.","3.29"
"VIVA3.SA","Vivara Participações S.A.","26.49"
"XPML11.SA","Xp Malls Fundo Investimentos Imobiliarios","108.17"
"COGN3.SA","Cogna Educação S.A.","3.03"
"FRAS3.SA","Frasle Mobility S.A.","21.58"
"RAIZ4.SA","Raízen S.A.","0.56"
"JHSF3.SA","JHSF Participações S.A.","8.64"
"S2GM34.SA","Sigma Lithium Corporation","17.26"
"CLSC3.SA","Centrais Elétricas de Santa Catarina S.A.","130.00"
"ECOR3.SA","EcoRodovias Infraestrutura e Logística S.A.","8.20"
"HBSA3.SA","Hidrovias do Brasil S.A.","4.09"
"ABCB4.SA","Banco ABC Brasil S.A.","25.22"
"CLSC4.SA","Centrais Elétricas de Santa Catarina S.A.","144.00"
"VULC3.SA","Vulcabras S.A.","17.22"
"HGLG11.SA","Cshg Logistica - Fundo De Investimento Imobiliario","155.82"
"T2DH34.SA","Teladoc Health, Inc.","0.97"
"EQMA3B.SA","Equatorial Maranhão Distribuidora de Energia S.A.","30.60"
"AZZA3.SA","Azzas 2154 S.A.","24.84"
"EVEB31.SA","EVE BRASIL  DR1","13.80"
"SIMH3.SA","SIMPAR S.A.","11.16"
"HAPV3.SA","Hapvida Participações e Investimentos S.A.","9.93"
"KNRI11.SA","Kinea Renda Imobiliária Fundo de Investimento Imobiliário","166.30"
"LEVE3.SA","MAHLE Metal Leve S.A.","34.62"
"RIAA3.SA","Guararapes Confecções S.A.","9.22"
"INTB3.SA","Intelbras S.A. - Indústria de Telecomunicação Eletrônica Brasileira","14.05"
"MRVE3.SA","MRV Engenharia e Participações S.A.","7.97"
"BTLG11.SA","BTG Pactual Logística Fundo de Investimento Imobiliário","103.48"
"IRBR3.SA","IRB-Brasil Resseguros S.A.","53.58"
"MOVI3.SA","Movida Participações S.A.","12.65"
"DASA3.SA","Diagnósticos da América S.A.","3.46"
"PGMN3.SA","Empreendimentos Pague Menos S.A.","6.25"
"MXRF11.SA","Maxi Renda Fundo De Investimento Imobiliaro - FII","9.80"
"GRND3.SA","Grendene S.A.","4.72"
"DXCO3.SA","Dexco S.A.","4.60"
"BEEF3.SA","Minerva S.A.","4.20"
"VAMO3.SA","Vamos Locação de Caminhões, Máquinas e Equipamentos S.A.","3.74"
"FESA3.SA","Cia de Ferro Ligas da Bahia S.A. - FERBASA","11.65"
"V1IP34.SA","Vipshop Holdings Limited","40.98"
"RECV3.SA","Petroreconcavo S.A.","13.38"
"EZTC3.SA","EZTEC Empreendimentos e Participações S.A.","13.69"
"IGTI3.SA","Iguatemi S.A.","3.08"
"A2FY34.SA","Afya Limited","40.99"
"CEAB3.SA","C&A Modas S.A.","12.11"
"TEND3.SA","Construtora Tenda S.A.","29.99"
"EMAE4.SA","Empresa Metropolitana de Águas e Energia S.A.","41.61"
"GEPA4.SA","Rio Paranapanema Energia S.A.","35.99"
"LOGN3.SA","Log-In Logística Intermodal S.A.","31.99"
"MDNE3.SA","Moura Dubeux Engenharia S.A.","31.12"
"VISC11.SA","Vinci Shopping Centers Fundo Investimento Imobiliario - Fii","110.04"
"BEES4.SA","Banestes S.A - Banco do Estado do Espírito Santo","8.84"
"MILS3.SA","Mills Locação, Serviços e Logística S.A.","13.51"
"BMGB4.SA","Banco BMG S.A.","5.01"
"HGRU11.SA","Patria Renda Urbana - Fundo De Investimento Imobiliario","128.93"
"BEES3.SA","Banestes S.A - Banco do Estado do Espírito Santo","8.61"
"RECR11.SA","Fundo Investimento Imobiliario Fii Ubs (Br) Recebveis Imobiliarios","80.14"
"XPLG11.SA","Xp Log Fundo Investimento Imobiliario FII","100.91"
"YDUQ3.SA","Yduqs Participações S.A.","11.22"
"PINE3.SA","Banco Pine S.A.","11.94"
"C1AB34.SA","Cable One, Inc.","2.45"
"KNHY11.SA","Kinea High Yield Cri Fundo Investimento Imobiliario FII","99.59"
"B2MB34.SA","Bumble Inc.","3.50"
"BHIA3.SA","Grupo Casas Bahia S.A.","3.00"
"SBFG3.SA","Grupo SBF S.A.","11.88"
"LAVV3.SA","Lavvi Empreendimentos Imobiliários S.A.","13.90"
"PLPL3.SA","Plano & Plano Desenvolvimento Imobiliário S.A.","13.18"
"COCE5.SA","Companhia Energética do Ceará - COELCE","30.94"
"FESA4.SA","Cia de Ferro Ligas da Bahia S.A. - FERBASA","7.77"
"HGBS11.SA","HEDGE Brasil Shopping Fundo de Investimento Imobiliário","20.29"
"FIQE3.SA","Unifique Telecomunicações S.A.","6.71"
"CPTS11.SA","Capitania Securities II Fundo Investimento Imobiliario FII","7.93"
"AUAU3.SA","Uniao Pet Participacoes S.A.","3.02"
"GPRK34.SA","GeoPark Limited","49.65"
"BAZA3.SA","Banco da Amazônia S.A.","82.63"
"TFCO4.SA","Track & Field Co S.A.","15.86"
"LOGG3.SA","LOG Commercial Properties e Participações S.A.","27.36"
"LIGT3.SA","Light S.A.","4.71"
"BLAU3.SA","Blau Farmacêutica S.A.","10.04"
"CEBR3.SA","Companhia Energética de Brasília - CEB","30.87"
"CEBR5.SA","Companhia Energética de Brasília - CEB","29.46"
"CEBR6.SA","Companhia Energética de Brasília - CEB","30.62"
"RANI3.SA","Irani Papel e Embalagem S.A.","9.48"
"PNVL3.SA","Dimed S.A. Distribuidora de Medicamentos","14.41"
"BMOB3.SA","Bemobi Mobile Tech S.A.","25.30"
"LWSA3.SA","Locaweb Serviços de Internet S.A.","3.78"
"BSLI3.SA","BRB - Banco de Brasília S.A.","4.26"
"PVBI11.SA","Fundo De Investimento ImobiliarRio Vbi Prime Properties","76.05"
"DESK3.SA","Desktop S.A.","17.76"
"SEQL3.SA","Sequoia Logística e Transportes S.A.","0.36"
"BSLI4.SA","BRB - Banco de Brasília S.A.","3.95"
"AGRO3.SA","BrasilAgro - Companhia Brasileira de Propriedades Agrícolas","20.40"
"CSED3.SA","Cruzeiro do Sul Educacional S.A.","5.56"
"HSML11.SA","Hsi Malls Fundo De Investimento Imobiliario","95.30"
"CAML3.SA","Camil Alimentos S.A.","5.80"
"TGMA3.SA","Tegma Gestão Logística S.A.","29.67"
"EUCA4.SA","Eucatex S.A. Indústria e Comércio","20.36"
"KNHF11.SA","Kinea Hedge Fund Fundo De Investimento Imobiliario","98.66"
"EUCA3.SA","Eucatex S.A. Indústria e Comércio","20.99"
"BTHF11.SA","Btg Pactual Real Estate Hedge Fund Fii Fundo De Investimento Imobiliario","9.23"
"SHUL4.SA","Schulz S.A.","5.29"
"F2VR34.SA","Fiverr International Ltd.","2.61"
"VTRU3.SA","Vitru Educação S.A.","14.03"
"JSLG3.SA","JSL S.A.","6.54"
"MATD3.SA","Hospital Mater Dei S.A.","5.61"
"TRXF11.SA","TRX REAL ESTATE FUNDO DE INVESTIMENTO IMOBILIÁRIO - FII","91.67"
"ONCO3.SA","Oncoclínicas do Brasil Serviços Médicos S.A.","1.65"
"KNSC11.SA","Kinea Securities Fundo De Investimento Imobiliario – Fii","8.98"
"OPCT3.SA","OceanPact Serviços Marítimos S.A.","9.05"
"RZTR11.SA","Fundo De Investimento Imobiliario Riza Terrax","94.34"
"RAPT4.SA","Randoncorp S.A.","5.04"
"ARML3.SA","Armac Locação, Logística e Serviços S.A.","5.13"
"RAPT3.SA","Randoncorp S.A.","5.03"
"TGAR11.SA","Fundo Investimento Imobiliario TG Ativo Real","71.54"
"B2YN34.SA","Beyond Meat, Inc.","3.61"
"KNUQ11.SA","FII KINEA UNCI","104.56"
"SEER3.SA","Ser Educacional S.A.","12.56"
"TVRI11.SA","BB Progressivo II Fundo de Investimento Imobiliário - FII","99.45"
"TELB3.SA","Telecomunicações Brasileiras S.A. - Telebras","15.49"
"VLID3.SA","Valid Soluções S.A.","20.13"
"MCCI11.SA","Fundo De Investimento Imobiliario Maua Capital Recebiveis Imobiliarios","92.87"
"TUPY3.SA","Tupy S.A.","11.97"
"ANIM3.SA","Ânima Holding S.A.","4.14"
"HFOF11.SA","Hedge Top Fofii 3 Fundo Investimento Imobilirio","6.78"
"GGRC11.SA","Ggr Covipe Renda Fundo Investimento Imobiliario","10.13"
"VILG11.SA","Vinci Logistica Fundo Investimento Imobiliario FII","100.80"
"HGCR11.SA","CSHG Recebiveis Imobiliarios BC Fundo de Investimento Imobiliario - FII","96.00"
"OFSA3.SA","Ouro Fino Saúde Animal Participações S.A.","27.40"
"HGRE11.SA","CSHG Real Estate - Fundo de Investimento Imobiliario - FII","123.61"
"KEPL3.SA","Kepler Weber S.A.","8.35"
"PMLL11.SA","Patria Malls Fundo De Investimento Imobiliario","107.40"
"WIZC3.SA","Wiz Co Participações e Corretagem de Seguros S.A.","8.61"
"EVEN3.SA","Even Construtora e Incorporadora S.A.","7.01"
"JSRE11.SA","JS Real Estate multigestão - FII fund","65.85"
"MYPK3.SA","Iochpe-Maxion S.A.","9.05"
"BRST3.SA","BRISANET    ON      NM","3.09"
"TRIS3.SA","Trisul S.A.","5.70"
"BGIP3.SA","Banco do Estado de Sergipe S.A.","61.30"
"ALZR11.SA","Alianza Trust Renda Imobiliaria Fundo Investimento Imobiliario","10.54"
"BRCR11.SA","Fundo de Investimento Imobiliário - FII BTG Pactual Corporate Office Fund","46.71"
"FPNG11.SA","Fundo Investimento Imobiliario Pedra Negra Renda Imobiliaria","465.05"
"VRTA11.SA","Fator Veritá Fundo de Investimento Imobiliário - FII","77.43"
"AMER3.SA","Americanas S.A.","5.94"
"PCAR3.SA","Companhia Brasileira De Distribuicao","2.41"
"VCJR11.SA","Vectis Juros Real Fundo De Investimento Imobiliario - Fii","80.27"
"VGHF11.SA","Valora Hedge Fund Fundo De Investimento Imobiliario - Fii","7.08"
"HSLG11.SA","Hsi Logistica Fundo De Investimento Imobiliario","91.13"
"VGIR11.SA","Valora Re III Fundo De Investimento Imobiliario","9.75"
"TELB4.SA","Telecomunicações Brasileiras S.A. - Telebras","9.20"
"CVCB3.SA","CVC Brasil Operadora e Agência de Viagens S.A.","2.09"
"MLAS3.SA","Grupo Multi S.A.","1.33"
"PRNR3.SA","Priner Serviços Industriais S.A.","18.91"
"GARE11.SA","Guardian Logistica Fundo De Investimento Imobiliario","8.45"
"JALL3.SA","Jalles Machado S/A","3.52"
"MCRE11.SA","Maua Capital Real Estate Fundo De Investimento Imobiliario","9.45"
"RJDA11.SA","Rjdi Fundo De Investimento Imobiliario Resp Limitada","115.00"
"GSFI11.SA","General Shopping E Outlets Do Brasil Fundo De Investimento Imobiliario FII","10.76"
"GTWR11.SA","Fundo Investimento Imobiliario Green Towers","85.28"
"SOJA3.SA","Boa Safra Sementes S.A.","6.85"
"PATI4.SA","Panatlântica S.A.","34.50"
"GZIT11.SA","Gazit Malls Fundo De Investimento Imobiliario","45.10"
"ALPK3.SA","Allpark Empreendimentos, Participações e Serviços S.A.","4.50"
"BIOM3.SA","Biomm S.A.","7.08"
"XRXB34.SA","Xerox Holdings Corporation","7.37"
"VGIP11.SA","Valora Cri Indice De Preco Fundo De Investimento Imobiliario","79.36"
"PCIP11.SA","Fundo De Investimento Imobiliario VBI Credito","84.25"
"BTCI11.SA","Fundo Infestimento Imobiliario Btg Pactual Credito Imobiliario","9.19"
"PFRM3.SA","Profarma Distribuidora de Produtos Farmacêuticos S.A.","7.29"
"DEXP4.SA","Dexxos Participações S.A.","7.23"
"SCAR3.SA","São Carlos Empreendimentos e Participações S.A.","14.98"
"DEXP3.SA","Dexxos Participações S.A.","7.01"
"LAND3.SA","Terra Santa Propriedades Agrícolas S.A.","8.46"
"WLMM4.SA","WLM Participações e Comércio de Máquinas e Veículos S.A.","22.35"
"BGIP4.SA","Banco do Estado de Sergipe S.A.","35.35"
"PATI3.SA","Panatlântica S.A.","33.00"
"PQAG11.SA","Rb Capital Anhanguera Fundo De Investimento Imobiliario","53.98"
"RZAK11.SA","Riza Akin Fundo De Investimento Imobiliario – FII","84.04"
"CSUD3.SA","CSU Digital S.A.","17.69"
"TASA4.SA","Taurus Armas S.A.","5.24"
"KORE11.SA","Kinea Oportunidades Real Estate Fundo De Investimento Imobiliario","75.40"
"SYNE3.SA","Syn Prop & Tech S.A.","4.69"
"RZZR11.SA","Raizz Renda Logistica Fundo de Investimento Imobiliario","137.76"
"PEAB3.SA","Companhia de Participações Aliança da Bahia","39.00"
"TASA3.SA","Taurus Armas S.A.","5.30"
"MELK3.SA","Melnick Desenvolvimento Imobiliário S.A.","3.39"
"BROF11.SA","Brpr Corporate Offices Fundo De Investimento Imobiliario","60.00"
"BBIG11.SA","Bb Premium Malls Fundo De Investimento Imobiliário De Responsabilidade Limitada","7.00"
"BPML11.SA","Fundo De Investimento Imobiliario BTG Pactual Shoppings","92.30"
"ALLD3.SA","Allied Tecnologia S.A.","7.10"
"ROMI3.SA","Romi S.A.","7.17"
"CPUR11.SA","Capitania HBC Renda Urbana Fundo De Investimento Imobiliario","10.40"
"TKNO4.SA","Tekno S.A. Indústria e Comércio","222.00"
"PINE4.SA","Banco Pine S.A.","11.98"
"TRXB11.SA","Trx Real Estate II Fundo De Investimento Imobiliario - Fii","185.00"
"CGRA4.SA","Grazziotin S.A.","26.71"
"CGRA3.SA","Grazziotin S.A.","26.37"
"VITT3.SA","Vittia S.A.","4.17"
"RBRL11.SA","RBR Log FII","91.16"
"TRBL11.SA","SDI Logística Rio - Fundo de Investimento Imobiliário - FII","78.01"
"AALR3.SA","Alliança Saúde e Participações S.A.","3.95"
"JSAF11.SA","Js Ativos Financeiros Fundo De Investimento Imobiliario","7.73"
"KFOF11.SA","Kinea Fundo Fundos De Investimento Imobiliario FII","82.88"
"GPRO34.SA","GoPro, Inc.","3.53"
"CRPG5.SA","Tronox Pigmentos do Brasil S.A.","18.16"
"POSI3.SA","Positivo Tecnologia S.A.","4.06"
"SHPH11.SA","FDO INV Imob Shopping Patio Higienopolis","919.00"
"QUAL3.SA","Qualicorp Consultoria e Corretora de Seguros S.A.","1.97"
"ITRI11.SA","Itau Total Return Fundo De Investimento Imobiliario","86.12"
"BTAL11.SA","FII Btg Pactual Agro Logistica","89.91"
"MTSA4.SA","METISA Metalúrgica Timboense S.A.","62.92"
"RCRB11.SA","Fundo de Investimento Imobiliário Rio Bravo Renda Corporativa","141.52"
"RPAD5.SA","Alfa Holdings S.A.","6.15"
"XPIN11.SA","Xp Industrial Fundo Investimento Imobiliario","69.90"
"NVHO11.SA","Fundo De Investimento Imobiliario Novo Horizonte","11.90"
"TECN3.SA","Technos S.A.","8.10"
"CCME11.SA","Canuma Capital Multiestrategia Fundo De Investimento Imobiliario","8.85"
"SHPP11.SA","Shopping Patio Paulista Fundo De Investimento Imobiliario Responsabilidade Limitada","11.00"
"RPAD3.SA","Alfa Holdings S.A.","5.60"
"RPAD6.SA","Alfa Holdings S.A.","5.51"
"HCTR11.SA","Fundo De Investimento Imobiliario Hectare Ce","20.99"
"AFLT3.SA","Afluente Transmissão de Energia Elétrica S.A.","7.30"
"OIBR4.SA","Oi S.A.","1.42"
"AMOB3.SA","Automob Participações S.A.","12.01"
"MCLO11.SA","FII MCLO    CI","10.08"
"TRNT11.SA","Fundo de Investimento Imobiliário - FII Torre Norte","114.00"
"PTBL3.SA","PBG S.A.","3.18"
"AMAR3.SA","Marisa Lojas S.A.","0.87"
"HREC11.SA","Hedge Recebiveis Fundo De Investimento Imobiliario","8.37"
"RNEW4.SA","Renova Energia S.A.","1.10"
"AFHI11.SA","Af Invest Cri Fundo De Investimento Imobiliario - Recebiveis Imobiliarios","94.59"
"FCFL11.SA","Fundo De Investimento Imobiliario Campus Faria Lima - Inicio De Negociacao","124.00"
"CPLG11.SA","Capitania Logistica Fundo De Investimento Imobiliario - FII","12.13"
"RNEW3.SA","Renova Energia S.A.","1.12"
"PTNT3.SA","Pettenati S.A. Industria Têxtil","8.65"
"PTNT4.SA","Pettenati S.A. Industria Têxtil","8.65"
"LJQQ3.SA","Lojas Quero-Quero S.A.","2.00"
"URPR11.SA","Urca Prime Renda Fundo De Investimento Imobiliario - FII","35.24"
"VINO11.SA","Vinci Corporate Fundo De Investimento Imobiliario","4.99"
"CASH3.SA","Méliuz S.A.","3.64"
"ESPA3.SA","MPM Corpóreos S.A.","1.15"
"CAMB3.SA","Cambuci S.A.","9.66"
"BCRI11.SA","Banestes Recebiveis Imobiliarios Fundo Investimento Imobiliario FII","64.50"
"VSTE3.SA","Veste S.A. Estilo","3.49"
"HTMX11.SA","FD Invest Imob Hotel Maxinvest","136.65"
"CLIN11.SA","Clave Indices De Precos Fundo De Investimento Imobiliario","90.34"
"MTRE3.SA","Mitre Realty Empreendimentos e Participações S.A.","3.71"
"VVEO3.SA","CM Hospitalar S/A","1.24"
"HLOG11.SA","Hedge Logistica Fundo Investimento Imobiliario","9.17"
"AMBP3.SA","Ambipar Participações e Empreendimentos S.A.","0.23"
"RZAT11.SA","Riza Arctium Real Estate Fundo De Investimento Imobiliario","89.76"
"TEPP11.SA","SDI Properties Fundo De Investimento Imobiliario","8.97"
"RSUL4.SA","Metalúrgica Riosulense S.A.","62.04"
"ABCP11.SA","FII ABC Plaza Shopping Fund","79.99"
"ICRI11.SA","FII CI IPCA CI","97.60"
"SNCI11.SA","Suno Recebiveis Imobiliarios Fundo De Investimento Imobiliario","89.10"
"RINV11.SA","Real Investor Fundo De Investimento Imobiliario Responsabilidade Limitada","108.70"
"BOBR4.SA","Bombril S.A.","1.36"
"BCIA11.SA","Bradesco Carteira Imobiliaria Ativa Fundos de Investimento Imobiliario","95.00"
"IBBP11.SA","Invista Brazilian Business Park Fundo De Investimento Imobiliario","8.20"
"JASC11.SA","Jasc Renda Varejo Essencial Fundo De Investimento Imobiliario - FII","100.00"
"MANA11.SA","Manati Capital Hedge Fund Fundo De Investimento Imobiliario","9.27"
"VRTM11.SA","FII VRTM    CI","7.34"
"EALT4.SA","Electro Aço Altona S.A.","14.15"
"LASC11.SA","Legatus Shoppings Fundo De Investimento Imobiliario - FII","115.05"
"HBOR3.SA","Helbor Empreendimentos S.A.","2.53"
"PLAG11.SA","Vbi Agro - Fundo De Investimento Imobiliario","64.03"
"PATL11.SA","Patria Logistica Fundo De Investimento Imobiliario","66.98"
"DEVA11.SA","Devant Recebiveis Imobiliarios Fundo De Investimento Imobiliario","23.78"
"TOPP11.SA","Rbr Top Offices Fundo De Investimento Imobiliario Responsabilidade Limitada","73.40"
"HBTS5.SA","Companhia Habitasul de Participações","35.89"
"MFII11.SA","Mérito Desenvolvimento Imobiliário I FII - Fundo de Investimento Imobiliário","72.30"
"INLG11.SA","Inter Logistico Fundo De Investimento Imobiliario - FII","71.00"
"DMVF3.SA","d1000 Varejo Farma Participações S.A.","6.32"
"KCRE11.SA","Kinea Creditas Fundo De Investimento Imobiliario - FII","8.88"
"CPOF11.SA","Capitania Office Properties FII - Fundo De Investimento Imobiliario","110.00"
"FIIB11.SA","Real Estate Investment Fund Industry in Brazil","462.01"
"PORD11.SA","Polo Fundo de Investimento Imobiliário - Recebíveis Imobiliários II - FII","8.43"
"EALT3.SA","Electro Aço Altona S.A.","13.90"
"FATN11.SA","BRC Renda Corporativa FII - FII Athena I","86.05"
"HPDP11.SA","Hedge Real Estate I Fundo De Investimento Imobliario","94.20"
"KISU11.SA","Kilima Fundo De Investimento Em Cotas De Fundos Imobiliarios Suno 30","7.00"
"LIFE11.SA","Life Capital Partners Fundo De Investimentos Imobiliarios","8.90"
"HBRE3.SA","HBR Realty Empreendimentos Imobiliários S.A.","2.89"
"RPRI11.SA","RBR Premium Recebiveis Imobiliarios Fundo De Investimento Imobiliario","85.35"
"WHGR11.SA","Whg Real Estate Fundo De Investimento Imobiliario – Fii","9.47"
"SNFF11.SA","Suno Fundo De Fundos De Investimento Imobiliario","72.75"
"MEAL3.SA","International Meal Company Alimentação S.A.","1.02"
"VGRI11.SA","Valora Renda Imobiliaria Fundo De Investimento Imobiliario - Responsabilidade Limitada","8.33"
"HABT11.SA","Habitat Ii - Fundo De Investimento Imobiliario","76.03"
"NEWL11.SA","Newport Logastica Fundo De Investimento Imobiliario","103.03"
"TPIS3.SA","Triunfo Participações e Investimentos S.A.","6.65"
"AIEC11.SA","Autonomy Edifícios Corporativos Fundo de Investimento Imobiliario","59.45"
"MNPR3.SA","Minupar Participações S.A.","4.04"
"DOHL4.SA","Döhler S.A.","3.80"
"CXCO11.SA","Fundo De Investimento Imobiliario Caixa Imoveis Corporativos","72.36"
"CTKA4.SA","Karsten S.A.","44.18"
"OUJP11.SA","Ourinvest Jpp Fundo Investimento Imobiliario - Fii","85.26"
"BTYU11.SA","FII BTYU    CI  ER","8.94"
"JCCJ11.SA","FOF JHSF Capital Fundo De Investimento Imobiliario","158.00"
"NGRD3.SA","Neogrid Participações S.A.","29.40"
"AJFI11.SA","Capitania Malls Fundo De Investimento Imobiliario","8.14"
"PQDP11.SA","Parque Dom Pedro Shopping Center Fund","2,400.00"
"ETER3.SA","Eternit S.A.","4.08"
"DAMT11.SA","Diamante Fundo Investimento Imobiliario","14.05"
"NSLU11.SA","Hospital Nossa Senhora De Lourde Fund","191.40"
"AROA11.SA","FII AROA    CI","1.18"
"ENJU3.SA","Enjoei S.A.","1.15"
"VVMR11.SA","FII MULT RENCI  EA","84.97"
"LPSB3.SA","LPS Brasil - Consultoria de Imóveis S.A.","1.71"
"FHER3.SA","Fertilizantes Heringer S.A.","4.21"
"APXM11.SA","Fundo De Investimento Imobiliario Apex Malls - FII","79.98"
"BTRA11.SA","Fundo De Investimento Imobiliario Btg Pactual Terras Agricolas","67.19"
"HBCR11.SA","Fundo De Investimento Imobiliario Hbc Renda Urbana","137.96"
"GRUL11.SA","Icatu Vanguarda Gru Logistico Fundo De Investimento Imobiliario Responsabilidade Limitada","8.55"
"BGRB11.SA","FII BGRB    CI","108.90"
"FLMA11.SA","Unitas DTVM S.A.","149.43"
"VXXV11.SA","VX XVI - Fundo De Investimento Imobiliario","740.00"
"CJCT11.SA","Cidade Jardim Continental Tower Fundo De Investimento Imobiliario","63.99"
"HSAF11.SA","Hsi Ativos Financeiros Fundos Investimentos Imoliarios","79.40"
"TJKB11.SA","Tjk Renda Imobiliaria Fundo De Investimento Imobiliario","261.44"
"BALM4.SA","Baumer S.A.","19.91"
"GAME11.SA","Fundo De Investimento Imobiliario Guardian Multiestrategia Imobiliaria I","8.88"
"HAAA11.SA","Hedge Aaa Fundo De Investimento Imobiliario","55.57"
"BLOG11.SA","FII BLOG    CI","7.50"
"JSCR11.SA","FII JSCR    CI","8.30"
"FVPQ11.SA","FVPQ - Fii V Parque","65.35"
"MCEM11.SA","FII MCEM    CI","61.79"
"BMKS3.SA","Bicicletas Monark S.A.","386.00"
"LPLP11.SA","FII LAGO PDRCI","300.00"
"MNDL3.SA","Mundial S.A. - Produtos de Consumo","17.50"
"LUXM4.SA","Trevisa Investimentos S.A.","4.09"
"SNEL11.SA","Fundo De Investimento Imobiliario Suno Energias Limpas","8.55"
"SPXS11.SA","Fundo De Investimento Imobiliario - Spx Syn Multiestrategia","8.36"
"BBRC11.SA","BB Renda Corporativa Fundo de Investimento Imobiliário - FII","105.50"
"BIED3.SA","Bahema Educação S.A.","6.28"
"BLUE11.SA","FII BLUE    CI","188.00"
"G2DI33.SA","G2D Investments, Ltd.","1.42"
"CXAG11.SA","Fundo De Investimento Imobiliario Caixa Agencias","77.84"
"GLPF11.SA","Galapagos Feeder Logistico Fundo De Investimento ImobiliãRio Responsabilidade Limitada","106.55"
"VSHO11.SA","FII Votorantim shopping","75.49"
"RDLI11.SA","FII RDLI    CI","95.00"
"WDCN3.SA","WDC NETWORKSON      NM","2.48"
"ALZC11.SA","Alianza Crédito Imobiliário Fundo De Investimento Imobiliário","7.72"
"AERI3.SA","Aeris Indústria e Comércio de Equipamentos para Geração de Energia S.A.","2.52"
"VPPR11.SA","Xp Properties Fundo De Investimento Imobiliario","21.14"
"FPAB11.SA","Fundo de Investimento Imobiliário Projeto Água Branca","205.00"
"BLCA11.SA","Bluemacaw Catuai Triple A Fundo De Investimento Imobiliario","95.00"
"VIUR11.SA","Vinci Imoveis Urbanos Fundo De Investimento Imobiliario","5.64"
"CXCI11.SA","Fundo De Investimento Imobiliario Caixa Carteira Imobiliaria","73.50"
"RBHY11.SA","Rio Bravo Credito Imobiliario High Yield Fundo De Investimento Imobiliario - FII","79.81"
"RCSL3.SA","Recrusul S/A","0.70"
"RBHG11.SA","Rio Bravo Credito Imobiliario IV Fundo De Investimento Imobiliario - FII","69.40"
"FLRP11.SA","Fundo de Investimento Imobiliário - FII Floripa Shopping","20.86"
"CYCR11.SA","Cyrela Credito - Fundo De Investimento Imobiliario","9.10"
"VVCO11.SA","XTED - TRX Edificios Corporativos Fundo Invest Imobiliario FII Fund","14.86"
"BLMG11.SA","Bluemacaw Logastica Fundo De Investimento ImobiliaRio","33.68"
"RPMG3.SA","Refinaria de Petróleos de Manguinhos S.A.","2.12"
"KIVO11.SA","Kilima Volkano Recebiveis Imobiliarios Fundo De Investimento Imobiliario","64.30"
"FIGS11.SA","Fundo de Investimento Imobiliário General Shopping Ativo e Renda - FII","49.99"
"ARRI11.SA","Fundo De Investimento Imobiliario Atrio Reit Recebiveis Imobiliarios","6.86"
"GSRF11.SA","GALAPAGOS SP SURF FUNDO DE INVESTIMENTO IMOBILIÁRIO RESPONSABILIDADE LIMITADA","108.35"
"SAPI11.SA","Santander Títulos Imobiliarios Fundo De Investimento Imobiliario","9.12"
"AZEV3.SA","Azevedo & Travassos S.A.","0.23"
"AZPL11.SA","FII AZPL    CI","7.46"
"RNGO11.SA","Fundo de Investimento Imobiliário Rio Negro","50.71"
"AVLL3.SA","Alphaville S.A.","0.69"
"RBIR11.SA","Rb Capital Desenvolvimento Residencial IV Fundo De Investimento Imobiliario - FII","88.08"
"ADMF3.SA","CIABRASF - Cia. Brasileira de Serviços Financeiros S/A","23.00"
"RCSL4.SA","Recrusul S/A","0.92"
"PATC11.SA","Patria Edificios Corporativos Fundo Investimento Imobiliario Fii","38.28"
"VCRI11.SA","Vinci Credit Securities Fundo De Investimento Imobiliario","7.44"
"SOND6.SA","Sondotécnica Engenharia de Solos S.A.","53.76"
"VCRR11.SA","Vectis Renda Residencial Fundo De Investimento Imobiliario","65.00"
"FAMB11.SA","Fundo de Investimento Imobiliario Edificio Almirante Barroso","1,052.01"
"FYTO11.SA","Fii Nch Brasil Recebiveis Imobiliarios Para Fii Fyto Recebiveis Imob","8.39"
"IFCM3.SA","Infracommerce CXaaS S.A.","0.96"
"FIIP11.SA","FII RB CAP ICI","133.89"
"EURO11.SA","Coinvalores Dtvm Ltda.","321.03"
"HGBL11.SA","FII HGBL    CI","9.19"
"IRIM11.SA","Iridium Fundo De Investimento Imobiliario","63.63"
"HOFC11.SA","Hedge Office Income Fundo De Investimento Imobiliario","32.00"
"PDTC3.SA","Padtec Holding S.A.","1.52"
"PMIS11.SA","Paramis Hedge Fund Fundo De Investimento Imobiliario - Fii","8.12"
"ICNE11.SA","FII ICNE    CI  ERA","1,000.00"
"RSPD11.SA","RB Capital Desenvolvimento Residencial III Fundo De Investimento Imobillario - FII","800.50"
"HOOT4.SA","Hotéis Othon S.A.","6.46"
"RELG11.SA","Fundo De Investimento Imobiliario Rec Logistaca","62.50"
"WTSP11.SA","Fundo De Investimento Imobiliario Ourinvest Re I","64.00"
"STYI11.SA","Strivo Yield Fundo De Investimento Imobiliario Responsabilidade Limitada","1,344.00"
"HJCT11.SA","FII HJCT    CI","115.00"
"ZAVI11.SA","Zavit Real Estate Fund Fundo De Investimento Imobiliario","9.70"
"FAED11.SA","Fundo de Investimento Imobiliário - FII Anhanguera Educacional","162.81"
"MAGM11.SA","FII MAGM    CI  ER","10.00"
"HUCG11.SA","Fundo De Investimento Imobiliario Hospital Unimed Campina Grande","99.00"
"FISC11.SA","Fundo De Investimento Imobiliário SC  401","65.00"
"BIPD11.SA","Brio Real Estate IV - Fundo De Investimento Imobiliario - Fund","989.33"
"AZEV4.SA","Azevedo & Travassos S.A.","0.18"
"UCAS3.SA","Unicasa Indústria de Móveis S.A.","1.57"
"AZTE3.SA","Azevedo & Travassos Energia S.A.","0.30"
"ATSA11.SA","Cshg Atrium Shopping Santo Andr Fundo De Investimento Imobilirio Fii","57.88"
"GLCR11.SA","FII GLCR    CI  ER","100.17"
"HCHG11.SA","Hectare Recebiveis High Grade Fundo De Investimento Imobiliario  Fii","82.49"
"BMLC11.SA","Fundo de Investimento Imobiliário Rio Bravo Renda Corporativa","98.66"
"CEDO3.SA","Companhia de Fiação e Tecidos Cedro e Cachoeira S.A.","9.85"
"ARND3.SA","Arandu Investimentos S.A.","0.69"
"GCRI11.SA","Galapagos Recebiveis Imobiliarios Fundo De Investimento Imobiliario","66.90"
"TCSA3.SA","Tecnisa S.A.","1.32"
"EQIR11.SA","Eqi Recebiveis Imobiliarios Fundo De Investimento Imobiliario","8.59"
"KEVE11.SA","Even II Kinea Fundo De Investimento Imobiliario","630.00"
"NEWU11.SA","Renda de Escritorios Fundo de Investimento Imobiliario - Cotas Fundo","103.55"
"SEQR11.SA","Sequoia III Renda Imobiliaria - Fundo De Investimento Imobiliaria","55.40"
"TRAD3.SA","TC S.A.","2.31"
"RBRI11.SA","Fundo De Investimento Imobiliario - FII RBR Desenvolvimento III","649.00"
"JFLL11.SA","JFL Living Fundo De Investimento Imobiliario","60.11"
"BRIP11.SA","Brio Real Estate III - Fundo De Investimento Imobiliario","416.11"
"EGDB11.SA","FII EGDB    CI","1,216.20"
"LMAI11.SA","Domo Fundo de Investimento Imobiliário - FII","36.05"
"BMIN4.SA","Banco Mercantil de Investimentos S.A.","18.25"
"BLMO11.SA","Bluemacaw Office Fund Ii - Fundo De Investimento Imobiliario","87.90"
"INRD11.SA","Inter Residence Fundo DE Investimento Imobiliario FII","76.66"
"TOKY3.SA","GRUPO TOKY  ON      NM","0.39"
"ZAGH11.SA","Zagros Multiestrategia Fundo De Investimento Imobiliario","9.40"
"HDEL11.SA","Hedge Desenvolvimento Logistico Fundo De Investimento Imobiliario","99.45"
"TMPS11.SA","Itau Tempus Fundo De Investimento Imobiliario","85.31"
"WEST3.SA","Westwing Comércio Varejista S.A.","7.50"
"RBRS11.SA","Rio Bravo Renda Residencial Fundo De Investimentos Imobiliario","47.24"
"CEDO4.SA","Companhia de Fiação e Tecidos Cedro e Cachoeira S.A.","7.29"
"CEOC11.SA","Fundo de Investimento Imobiliário FII CEO Cyrela Fund","43.65"
"JPPA11.SA","JPP Capital Recebíveis Imobiliários Fundo de Investimento Imobiliário","86.38"
"FIGE3.SA","Investimentos Bemge S.A.","33.00"
"RBRD11.SA","RB Capital Renda II Fundo de Investimento Imobiliário - FII","40.96"
"SPTW11.SA","Sp Downtown Fundo de Investimento Imobiliário - FII","41.20"
"CXCE11.SA","Fundo de Investimento Caixa Cedae","43.09"
"LRDI11.SA","FII LEBLON  CI  ER","198.00"
"PMAM3.SA","Paranapanema S.A.","0.52"
"ARXD11.SA","Arx Dover Recebiveis Fundo De Investimento Imobiliario","7.90"
"SNME11.SA","Suno Multiestrategia Fundo De Investimento Imobiliario","9.52"
"MAXR11.SA","Fundo De Investimentos Imobiliarios - Max Ret","61.90"
"ALMI11.SA","Fundo De Investimento Imobiliario Torre Almirante","620.00"
"VOTS11.SA","Votorantim Securities Master Fundo Investimento Imobiliario Fii","82.70"
"EXES11.SA","Exes Fundo De Investimento Imobiliario","9.25"
"ITIT11.SA","Ifi E Inter Fundo De Investimento Imobiliario","72.79"
"INEP3.SA","Inepar S.A. Indústria e Construções","1.28"
"DVFF11.SA","Fundo De Investimento Imobiliario - Devant Fundo De Fundos Imobiliarios","5.83"
"ERPA11.SA","Europa 105 Fundo Investimento Imobiliario","126.10"
"FLCR11.SA","Faria Lima Capital Recebiveis Imobiliarios I FII","94.74"
"VSLH11.SA","Versalhes Recebiveis Imobiliarios - Fundo De Investimento Imobiliario","1.99"
"HCRI11.SA","Fundo de Investimento Imobiliário - FII Hospital da Criança","295.98"
"OIBR3.SA","Oi S.A.","0.18"
"GFDL11.SA","FII GFDL    CI","112.54"
"INEP4.SA","Inepar S.A. Indústria e Construções","1.24"
"WPLZ11.SA","Fundo Investec IMB Shopping West Plaza Fund","50.95"
"CBOP11.SA","Castello Branco Off Park Fund In Im","39.00"
"LSOP11.SA","FII LSOP    CI","10.48"
"CNES11.SA","Fundo De Investimento Imobiliario Bm Cenesp - Fii - Inicio De Negociacao","1.58"
"GLOG11.SA","Genial Logistica Fundo De Investimento Imobiliario","71.40"
"EDGA11.SA","Fundo de Investimento Imobiliario - FII Edificio Galeria","13.90"
"ATED3.SA","ATOM EDUC   ON","2.30"
"CRFF11.SA","Caixa Rio Bravo Fundo De Fundos De Investimento Imobiliario II-Cotas","75.40"
"EMET11.SA","Emet Multiestrategia Fundo De Investimento I Mobiliario Responsabilidade Limitada","10.26"
"NAUI11.SA","Ten Desenvolvimento Fundo De Investimento Imobiliario","984.02"
"PDBM11.SA","FII PDBM    CI  ER","115.00"
"RZLC11.SA","FII RZLC    CI","1,010.10"
"MWET4.SA","Wetzel S.A.","24.50"
"PLAS3.SA","Plascar Participações Industriais S.A.","3.99"
"IBCR11.SA","Fundo De Investimento Imobiliario De Cri Integral Brei","50.77"
"NAVT11.SA","Navi Imobiliario Total Return Fundos De Investimento Imobiliario","77.30"
"ITIP11.SA","Ifi D Inter Fundo De Investimento Imobiliario","63.19"
"EPAR3.SA","Embpar Participacoes S.A.","3.17"
"HOSI11.SA","Fundo De Investimento Imobiliario Housi","82.01"
"DAYM11.SA","Daycoval Real Estate Multiestrategia Fundo De Investimento Imobiliario De Resp Ltd.","4.12"
"SJAU11.SA","Sj Au Logistica Fundo De Investimento Imobiliario","5.59"
"GFSA3.SA","Gafisa S.A.","1.76"
"RCRI11.SA","Real Investor Recebiveis Imobiliários Fundo De Investimento Imobiliario Responsabilidade Limitada","102.05"
"BIPE11.SA","FII BRIO V  CI","1,000.00"
"LUPA3.SA","Lupatech S.A.","0.84"
"BNFS11.SA","Banrisul N Front Fund Investment IMO FII Fund","55.99"
"RECD11.SA","FII RECD    CI","7.14"
"APTO11.SA","Navi Residencial Fundo De Investimento Imobiliario","8.35"
"BIME11.SA","Brio Multiestrategia - Fundo De Investimento Imobiliario","6.37"
"AGXY3.SA","AgroGalaxy Participações S.A.","2.22"
"DOTZ3.SA","Dotz S.A.","2.79"
"CPSH11.SA","Capitania Shoppings Fundo De Investimento Imobiliario","10.67"
"FIXX11.SA","Fator IFIX Fundo Investimento Imobiliario - FII - Cotas Fund","95.58"
"NCRI11.SA","Navi Credito Imobiliario - Fundo De Investimento Imobiliario","8.83"
"RSID3.SA","Rossi Residencial S.A.","1.73"
"TRXY11.SA","TRX Hedge Fund Fundo De Investimento Imobiliario - Responsabilidade Limitada","9.13"
"MGEL4.SA","Mangels Industrial S.A.","5.90"
"ZAVC11.SA","Zavit Credito Imobiliario - Fundo De Investimento Imobiliario","9.46"
"OCRE11.SA","Octo Fundo De Investimento Imobiliario","79.90"
"PABY11.SA","Fundo de Investimento Imobiliário Panamby","43.00"
"IMMB11.SA","FII IMMB    CI  ES","170.00"
"CARE11.SA","Brazilian Graveyard Death Care Services Fundo Investimento Imobiliario - Fii","4.50"
"DAMA11.SA","FII DAMA    CI","6.80"
"EDFO11.SA","Fundo de Investimento Imobiliário Edifício Ourinvest","125.99"
"RECT11.SA","Fundo De Investimento Imobiliario - FII UBS Office","39.86"
"BRIM11.SA","Brio Real Estate II - Fundo De Investimento Imobiliario - FII","248.92"
"SHOW3.SA","T4F Entretenimento S.A.","4.55"
"INDE11.SA","FII INDE    CI","89.15"
"GCDL11.SA","FII GCDL    CI","119.36"
"HAGA3.SA","HAGA S/A Indústria e Comércio","2.54"
"NUTR3.SA","Nutriplant Indústria e Comércio S/A","2.25"
"DPRO11.SA","Devant Properties Fundo De Investimento Imobiliario","5.88"
"DTCY3.SA","DTCOM - Direct to Company S.A.","2.64"
"XPSF11.SA","XP Selection Fundo De Fundos De Investimento Imobiliario - FII","6.73"
"SMRE11.SA","FII SMRE    CI","65.02"
"BBFO11.SA","BB Fundos De Fundos - Fundo De Investimento Imobiliario","72.51"
"HGIC11.SA","Hgi Creditos Imobiliarios Fundo De Investimento","62.51"
"AFHF11.SA","AF Invest Real Estate Multiestrategia Fundo De Investimento Imobiliario Responsabilidade Limitada","9.99"
"ESTR3.SA","Manufatura de Brinquedos Estrela S.A.","3.01"
"CTXT11.SA","Fundo Invest Imobiliario Centro Textil Internacional - Cotas Fund","5.82"
"RBVA11.SA","Fundo Invest Imobiliario Agencias Caixa - FII Fund","9.87"
"RBOP11.SA","Fundo De Investimento Imobiliário Mercantil Do Brasil-fii -Inicio","223.11"
"TELM11.SA","Tellus Multiestrategia Fundo De Investimento Imobiliario","9.93"
"PEMA11.SA","Performa Real Estate Fundo De Investimento Imobiliario","38.00"
"EIRA11.SA","FII EIRA    CI","104.55"
"HAGA4.SA","HAGA S/A Indústria e Comércio","1.47"
"RMBS11.SA","Rec Master Fundo De Cri Cotas Amortizaveis Fundo De Investimento Imobiliario - Responsabilidade Ltd","8.50"
"CTAX3.SA","Contax Participações S.A.","0.76"
"VIVR3.SA","Viver Incorporadora e Construtora S.A.","0.40"
"PPLA11.SA","PPLA Participations Ltd.","0.46"
"FIVN11.SA","Vida Nova Fundo Investimento Immobiliere","2.06"
"FICT3.SA","Fictor Alimentos S.A.","0.44"
"XPCM11.SA","XP Corporate Macaé Fundo de Investimento Imobiliário - FII","7.97"
"FMOF11.SA","Fundos de Investimento Imobiliário Memorial Office Of Cotas","37.49"
"SNSY5.SA","Sansuy S.A.","2.42"
"CXTL11.SA","Fundo De Investimento Imobiliário Caixa Trx Logística Renda","337.08"
"NORD3.SA","Nordon Indústrias Metalúrgicas S/A","2.70"
"LRED11.SA","FII LRED    CI","12.34"
"PATA11.SA","Patagonia Capital Multiestrategia Fundo De Investimento Imobiliario","10.19"
"MGHT11.SA","Fundo De Investimento Imobiliario Mogno Hoteis","12.80"
"CTSA4.SA","Companhia Tecidos Santanense Ltda.","1.85"
"TRPL11.SA","Pafil Permuta Fundo De Investimento Imobiliario Responsabilidade Limitada","1.05"
"CTSA3.SA","Companhia Tecidos Santanense Ltda.","2.15"
"SCPF11.SA","Scp Fundo De Investimento NPV","3.06"
"BDLL4.SA","Bardella S.A. Indústrias Mecânicas","6.10"
"BDLL3.SA","Bardella S.A. Indústrias Mecânicas","7.01"
"RVEE3.SA","REVEE       ON      NM","1.10"
"APXR11.SA","FII APXR    CI","100.00"
"CXRI11.SA","CXFI - Caixa Rio Bravo Fundo Fundos","68.95"
"JFEN3.SA","João Fortes Engenharia S.A.","0.82"
"BSLT11.SA","Fundo De Investimentos Imobiliarios De Permuta Financeira Lote5 Senior Responsabilidade Limitada","75.18"
"APXU11.SA","FII APXU    CI","94.50"
"ONDA11.SA","Onda Invest Multiestratégia Fundo de Investimento Imobiliário Responsabilidade Limitada","9.14"
"URHF11.SA","Urca Hedge Fund Estrategia Imobiliaria Fundo De Investimento Imobiliario – Responsabilidade Ltd.","74.18"
"PDGR3.SA","PDG Realty S.A. Empreendimentos e Participações","2.43"
"NEXP3.SA","Nexpe Participações S.A.","2.98"
"YUFI11.SA","Yuca Fundo De Investimento Imobiliario","15.00"
"RENV11.SA","Cpv Energia Fundo De Investimento Imobiliario Responsabilidade Limitada","6.91"
"TXRX4.SA","Têxtil Renauxview S.A.","1.57"
"PRSV11.SA","Fundo de Investimento Imobiliário Presidente Vargas","31.35"
"KNRE11.SA","Kinea II Real Estate Equity Fundo de Investimento Imobiliário","0.33"
"PLRI11.SA","Polo Fundo de Investimento Imobiliario – FII Recebiveis Imobiliarios IMO - Cotas Fund","6.00"
"OSXB3.SA","OSX Brasil S.A.","1.78"
"GSHP3.SA","General Shopping e Outlets do Brasil S.A.","2.96"
"CCTY3.SA","RDVC CITY   ON      NM","8.50"
"RCFA11.SA","Grupo Rcfa Fundo De Investimento","0.94"
"5PRE11.SA","IT NOW PRE 5F11","49.31"
"A1PL34.SA","APPLIED DGTLDRN","133.66"
"A1PO34.SA","APOLLO GLOBLDRN","38.63"
"A1PP34.SA","APPLOVIN CO DRN","63.80"
"A2LC34.SA","Alcon Inc.","38.64"
"A2MB34.SA","Ambarella, Inc.","11.20"
"A2RE34.SA","Ares Management Corporation","56.22"
"A2RR34.SA","Arrowhead Pharmaceuticals, Inc.","39.44"
"A2RW34.SA","Arrow Electronics, Inc.","49.10"
"A2SO34.SA","Academy Sports and Outdoors, Inc.","66.45"
"A2XO34.SA","Axon Enterprise, Inc.","134.71"
"A2ZT34.SA","Azenta, Inc.","9.24"
"AADA39.SA","21SH CARDANODRE","25.68"
"AAGR11.SA","FIAGRO AAGR CI","92.64"
"AALR3F.SA","ALLIAR      ON      NM","3.96"
"AAZQ11.SA","Az Quest Sole Fundo De Investimento Nas Cadeias Produtivas Do Agronegocio - Fiagro - Imobiliario","8.15"
"ABCB10.SA","ABC BRASIL  PN  REC N2","25.31"
"ABCB10F.SA","ABC BRASIL  PN  REC N2","25.31"
"ABCB10L.SA","ABC BRASIL  PN  REC N2","25.42"
"ABCB4F.SA","ABC BRASIL  PN      N2","25.26"
"ABEV3F.SA","AMBEV S/A   ON","14.93"
"ABGD39.SA","ABDEN GOLD  DRE","113.03"
"ACWI11.SA","Trend Etf Msci Acwi Fundo De Indice","15.07"
"ACWX39.SA","BlackRock Institutional Trust Co NA","59.00"
"ADMF3F.SA","CIABRASF    ON      NM","22.99"
"ADSH11.SA","Ad Shopping Fundo De Investimento Imobiliario Responsabilidade Limitada","10.50"
"AERI3F.SA","AERIS       ON      NM","2.54"
"AETH39.SA","21SH ETHEREUDRE","41.91"
"AFLT3F.SA","AFLUENTE T  ON","7.41"
"AGRI11.SA","Bb Etf Iagro Ffs B3 Fundo De Indice","44.33"
"AGRO3F.SA","BRASILAGRO  ON      NM","20.44"
"AGRX11.SA","Fiagro Agrx","8.79"
"AGXY3F.SA","AGROGALAXY  ON      NM","2.24"
"AHEB3F.SA","SPTURIS     ON","25.00"
"AHEB5F.SA","SPTURIS     PNA","58.00"
"AHEB6F.SA","SPTURIS     PNB","50.00"
"ALLD3F.SA","ALLIED      ON      NM","7.14"
"ALOS3F.SA","ALLOS       ON      NM","29.55"
"ALPA3F.SA","ALPARGATAS  ON      N1","11.48"
"ALPA4F.SA","ALPARGATAS  PN      N1","12.04"
"ALPK3F.SA","ESTAPAR     ON      NM","4.50"
"ALUG11.SA","Investo Msci US Real Estate ETF Fundo De Investimento De Indice Investimento Exterior","39.18"
"ALUP11F.SA","ALUPAR      UNT     N2","34.77"
"ALUP3F.SA","ALUPAR      ON      N2","12.86"
"ALUP4F.SA","ALUPAR      PN      N2","10.89"
"AMAR3F.SA","LOJAS MARISAON      NM","0.87"
"AMBP3F.SA","AMBIPAR     ON      NM","0.24"
"AMER3F.SA","AMERICANAS  ON      NM","5.95"
"AMOB3F.SA","AUTOMOB     ON      NM","12.06"
"ANGV39.SA","VANECK ANGL DRE","50.10"
"ANIM3F.SA","ANIMA       ON      NM","4.13"
"AREA11.SA","Btg Pactual Teva Itbr Ipca Rendimento Fundo De Índice","103.10"
"ARGE11.SA","Investo Argentina Fundo De Índice","12.14"
"ARGT39.SA","GX ARGENTINADRE","46.18"
"ARML3F.SA","ARMAC       ON      NM","5.11"
"ARND3F.SA","ARANDU      ON      NM","0.73"
"ARRI11Q.SA","--","6.80"
"ASAI3F.SA","ASSAI       ON      NM","8.19"
"ATED3F.SA","ATOM EDUC   ON","2.36"
"AUAU3F.SA","PETZCOBASI  ON      NM","3.03"
"AUPO11.SA","Btg Pactual Teva Auvp Itbr Liquidez Fundo De Indice","103.72"
"AURE3F.SA","AUREN       ON      NM","11.59"
"AURO11.SA","Buena Vista Neos Gold High Income I - Cotas ETF Fund","102.61"
"AUVP11.SA","Btg Pactual Teva Auvp Acoes Fundamentos Fundo De Indice","126.00"
"AVLL3F.SA","ALPHAVILLE  ON      NM","0.69"
"AXIA3F.SA","AXIA ENERGIAON      N1","57.24"
"AXIA5F.SA","AXIA ENERGIAPNA     N1","64.63"
"AXIA6F.SA","AXIA ENERGIAPNB     N1","62.48"
"AXIA7.SA","AXIA Energia SA","55.16"
"AXIA7F.SA","AXIA ENERGIAPNC     N1","55.15"
"AZEV3F.SA","AZEVEDO     ON","0.24"
"AZEV4F.SA","AZEVEDO     PN","0.18"
"AZIN11.SA","Az Quest Infra-Yield Ii Fundo De Investimento Em Participacoes Em Infraestrutura","101.12"
"AZTE3F.SA","AZT ENERGIA ON","0.29"
"AZUL12.SA","AZUL        DM    0,00","24.99"
"AZUL12F.SA","AZUL        DM    0,00","25.00"
"AZUL14.SA","AZUL        DM    0,00","0.11"
"AZUL14F.SA","AZUL        DM    0,00","0.05"
"AZUL16.SA","AZUL        DM    0,00","20.00"
"AZUL16F.SA","AZUL        DM    0,00","20.00"
"AZUL53F.SA","AZUL        ON  P   N2","240.00"
"AZZA3F.SA","AZZAS 2154  ON      NM","24.89"
"B1ZE34.SA","--","47.40"
"B2AH34.SA","BOOZALLEN HHDRN","42.99"
"B2AP34.SA","Credicorp Ltd.","142.56"
"B2LN34.SA","BlackLine, Inc.","16.70"
"B2RK34.SA","Bruker Corporation","18.37"
"B2UR34.SA","Burlington Stores, Inc.","52.84"
"B3BR11.SA","IT NOW B3BR+CI","62.74"
"B3SA3F.SA","B3          ON      NM","17.79"
"B3SA3Q.SA","B3          ON      NM","16.82"
"B5MB11.SA","ETF Bradesco Ima-B5 Plus Fundo De Indice","127.16"
"B5P211.SA","It Now Ima-B5 P2 Fundo De Indice","104.81"
"BAAX39.SA","Ishares Msci All Country Asia Ex Japan ETF","49.70"
"BACW39.SA","Ishares Msci Acwi ETF","71.71"
"BAER39.SA","Ishares Us Aerospace & Defense ETF","57.72"
"BAGG39.SA","BKR US AGGREDRE","51.85"
"BAIQ39.SA","GX AI TECH  DRE","40.69"
"BALM3F.SA","BAUMER      ON","26.99"
"BALM4F.SA","BAUMER      PN","19.51"
"BAOK39.SA","BKR CSV ALOCDRE","52.05"
"BASK39.SA","21SH BASKET DRE","33.72"
"BAUH4F.SA","EXCELSIOR   PN","90.00"
"BAZA3F.SA","AMAZONIA    ON","82.80"
"BBAJ39.SA","JP BTB ASIA DRE","65.66"
"BBAS3F.SA","BRASIL      ON      NM","23.06"
"BBDC3F.SA","BRADESCO    ON      N1","16.48"
"BBDC4F.SA","BRADESCO    PN      N1","18.93"
"BBER39.SA","JP BTB EUROPDRE","73.56"
"BBGO11.SA","Bb Fundo De Investimento De Credito Fiagro-Imobiliario","75.40"
"BBOI11.SA","Bb Etf Indice Futuro De Boi Gordo B3 Fundo De Indice","10.74"
"BBOV11.SA","Bb Etf Ibovespa Fundo De Indice","95.76"
"BBSD11.SA","BB ETF S&P Dividendos Brasil Fundo de Indice","144.96"
"BBSE3F.SA","BBSEGURIDADEON      NM","34.66"
"BBUG39.SA","Global X Funds","43.79"
"BCHI39.SA","Ishares Msci China Etf","36.20"
"BCHQ39.SA","Global X Funds","25.71"
"BCIC11.SA","B-Index Morningstar Setores Ciclicos Brasil Fundo De Indice","142.04"
"BCIR39.SA","FT NASDCYBERDRE","66.64"
"BCLO39.SA","Global X Funds","34.23"
"BCOM39.SA","BKR COMT ROLDRE","57.60"
"BCPX39.SA","Global X Funds","37.31"
"BCTE39.SA","GX CLEANCH  DRE","37.98"
"BCWV39.SA","iShares, Inc. - iShares MSCI Global Min Vol Factor ETF","62.34"
"BDAP11.SA","Bb Etf Indice Dap5 B3 Fundo De Indice","12.37"
"BDEF11.SA","B-Index Morningstar Setores Defensivos Brasil Fundo De Indice","170.86"
"BDIF11.SA","Btg Pactual Divida Infra FICF Incentivados De Investimento Em Infraestrutura Renda Fixa Credito Priv","76.87"
"BDIV11.SA","Btg Pactual Infraestrutura Dividendos Fundo De Investimento Em Participacoes Em Infraestrutura","38.85"
"BDLL4F.SA","BARDELLA    PN","7.45"
"BDOM11.SA","Investo Marketvector Brazil Domestic Exposure Etf - Fundo De Investimento De Indice","140.85"
"BDRI39.SA","Global X Funds","53.02"
"BDVD39.SA","Global X Funds","49.41"
"BDVY39.SA","Ishares Select Dividend Etf","78.29"
"BECH39.SA","BKR CHILE   DRE","67.97"
"BEEF3F.SA","MINERVA     ON      NM","4.21"
"BEEM39.SA","Ishares Msci Emerging Markets ETF","48.55"
"BEES3F.SA","BANESTES    ON","8.64"
"BEES4F.SA","BANESTES    PN","8.76"
"BEFA39.SA","Ishares Msci Eafe ETF","62.46"
"BEFG39.SA","iShares Trust - iShares MSCI EAFE Growth ETF","58.27"
"BEFV39.SA","iShares Trust - iShares MSCI EAFE Value ETF","63.99"
"BEGU39.SA","Ishares Trust Ishares Esg Aware Msci Usa ETF","74.84"
"BEIS39.SA","MSCI ISRAEL DRE","64.44"
"BEMC39.SA","BKR EME XCHIDRE","83.05"
"BEMV39.SA","iShares, Inc. - iShares MSCI Emerging Markets Min Vol Factor ETF","56.24"
"BEST11.SA","Investo Brazil Besst Quality Fundo De Indice","121.17"
"BEUW39.SA","BKR EQUALWG DRE ED","67.34"
"BEWA39.SA","iShares, Inc. - iShares MSCI Australia ETF","48.50"
"BEWC39.SA","iShares, Inc. - iShares MSCI Canada ETF","71.00"
"BEWD39.SA","MSCI SWEDEN DRE","51.32"
"BEWG39.SA","Ishares Msci Germany ETF","67.84"
"BEWH39.SA","Ishares Msci Hong Kong Etf","37.82"
"BEWI39.SA","MSCI ITALY  DRE","59.00"
"BEWJ39.SA","Ishares Msci Japan Etf","54.50"
"BEWL39.SA","iShares, Inc. - iShares MSCI Switzerland ETF","60.54"
"BEWP39.SA","LKR/SGD","91.98"
"BEWQ39.SA","iShares, Inc. - iShares MSCI France ETF","56.00"
"BEWT39.SA","Ishares Msci Taiwan ETF","62.90"
"BEWU39.SA","Ishares Msci United Kingdom Etf","77.84"
"BEWW39.SA","Ishares Msci Mexico ETF","97.10"
"BEWY39.SA","Ishares Msci South Korea Etf","79.14"
"BEWZ39.SA","Ishares Msci Brazil ETF","65.03"
"BEZA39.SA","MSCI SAFRICADRE","57.72"
"BEZU39.SA","Ishares Msci Eurozone ETF","81.53"
"BFAV39.SA","iShares Trust - iShares MSCI EAFE Min Vol Factor ETF","59.20"
"BFBI39.SA","FT NYSE BIOTDRE","51.28"
"BFCG39.SA","FT NAT GAS  DRE","83.40"
"BFDA39.SA","FT RISIDIVIDDRE","72.50"
"BFIW39.SA","FT WATER    DRE","53.75"
"BFPX39.SA","FT EQ OPPORTDRE","57.13"
"BFTA39.SA","--","56.79"
"BFXI39.SA","iShares Trust - iShares China Large-Cap ETF","36.73"
"BGIP10.SA","BANESE      PN  REC","34.01"
"BGIP10F.SA","BANESE      PN  REC","34.02"
"BGIP3F.SA","BANESE      ON","60.90"
"BGIP4F.SA","BANESE      PN","35.30"
"BGIP9F.SA","BANESE      ON  REC","58.00"
"BGLC39.SA","BKR GLOB100 DRE","79.70"
"BGNO39.SA","GX GENOMBIOTDRE","37.77"
"BGOV39.SA","BKR US TREASDRE","39.82"
"BGOZ39.SA","BKR TRSTRIPSDRE","47.80"
"BGRT39.SA","iShares Trust - iShares Global REIT ETF","43.70"
"BGWH39.SA","iShares Trust - iShares Core Dividend Growth ETF","73.24"
"BHDV39.SA","BlackRock Institutional Trust Company NA","70.14"
"BHEF39.SA","iShares Trust - iShares Currency Hedged MSCI EAFE ETF","54.95"
"BHER39.SA","Global X Funds","33.15"
"BHIA3F.SA","CASAS BAHIA ON      NM","3.00"
"BHVN34.SA","BIOHAVEN LTDDRN","15.90"
"BHYC39.SA","BKR 0 5 YRHYDRE","54.84"
"BHYG39.SA","iShares Trust - iShares iBoxx $ High Yield Corporate Bond ETF","51.70"
"BIAG39.SA","BKR INTLAGGTDRE","52.40"
"BIAU39.SA","Ishares Gold Trust","107.84"
"BIBB39.SA","Ishares Nasdaq Biotechnology Etf","58.06"
"BICL39.SA","iShares Trust - iShares Global Clean Energy ETF","47.99"
"BIDB11.SA","Inter Infra FI Cotas Fundos Incentivados De Investimento Infraestrutura Renda Fixa Credito Privado","81.01"
"BIDV39.SA","BKR INTL SLDDRE ED","72.75"
"BIED3F.SA","BIOMA EDUC  ON","6.28"
"BIEF39.SA","Ishares Core Msci Eafe ETF","58.10"
"BIEI39.SA","BKR 3 7 YRTRDRE","51.64"
"BIEM39.SA","Ishares Core Msci Emerging Markets ETF","59.86"
"BIEO39.SA","BKR OIL GAS DRE ED","66.99"
"BIET39.SA","BKR TECHSOFTDRE","14.94"
"BIEU39.SA","Ishares Core Msci Europe ETF","59.95"
"BIEV39.SA","iShares Trust - iShares Europe ETF","70.21"
"BIEZ39.SA","USOIL EQSRV DRE ED","77.27"
"BIFR39.SA","BKR US INFRADRE ED","98.85"
"BIGF39.SA","Ishares Global Infrastructure Etf","86.87"
"BIGO39.SA","BKR INTL TRSDRE","53.78"
"BIGS39.SA","BKR 1 5YGRCODRE","54.85"
"BIHA39.SA","iShares Trust","78.54"
"BIHE39.SA","BKR PHARMACLDRE ED","24.82"
"BIHI39.SA","iShares Trust - iShares U.S. Medical Devices ETF","8.22"
"BIJH39.SA","Ishares Core S&P Mid-Cap Etf","17.78"
"BIJR39.SA","Ishares Core S&P Small-Cap Etf","81.53"
"BIJT39.SA","SP SCAP 600GDRE ED","51.26"
"BILF39.SA","Ishares Latin America 40 ETF","60.00"
"BINC11.SA","Brad Fic Firf Invest Infra Cdi Cp Resp Ltda","103.32"
"BIOM3F.SA","BIOMM       ON","7.02"
"BIPC39.SA","BKR CORPACIFDRE","79.76"
"BITB39.SA","BlackRock Institutional Trust Company NA","79.98"
"BITC11.SA","Btg Pactual Teva Bitcoin Fundo De Indice","58.34"
"BITH11.SA","Hashdex Nasdaq Bitcoin Reference Rate Fundo De Indice","81.05"
"BITI11.SA","It Now Bloomberg Galaxy Bitcoin Fundo De Indice","32.26"
"BITO39.SA","Ishares Core S&P Total Us Stock Market Etf","74.22"
"BIVB39.SA","Ishares Core S&P 500 Etf","85.25"
"BIVE39.SA","iShares Trust - iShares S&P 500 Value ETF","73.65"
"BIVW39.SA","iShares Trust - iShares S&P 500 Growth ETF","75.64"
"BIWF39.SA","iShares Trust - iShares Russell 1000 Growth ETF","89.72"
"BIWM39.SA","Ishares Russell 2000 Etf","65.13"
"BIXC39.SA","BlackRock Institutional Trust Company NA","75.60"
"BIXG39.SA","iShares Trust - iShares Global Financials ETF","73.57"
"BIXJ39.SA","Ishares Global Healthcare Etf","60.90"
"BIXN39.SA","Ishares Global Tech ETF","17.60"
"BIXU39.SA","BKR TI STOCKDRE","74.55"
"BIYC39.SA","BlackRock Institutional Trust Company NA","101.10"
"BIYE39.SA","iShares Trust - iShares U.S. Energy ETF","114.08"
"BIYF39.SA","Ishares Us Financials Etf","40.76"
"BIYJ39.SA","BlackRock Institutional Trust Company NA","77.36"
"BIYM39.SA","BKR BASICMATDRE ED","74.96"
"BIYT39.SA","BKR 7 10 YRTDRE","49.73"
"BIYW39.SA","Ishares US Technology ETF","27.42"
"BIYZ39.SA","US TELECOM  DRE ED","70.40"
"BIZD11.SA","Investo Mvis®Us Business Development Companies Index ETF Fundo De Indice","75.71"
"BJPI39.SA","JP RETU INTLDRE","72.28"
"BJQU39.SA","JP QLT FACT DRE","80.64"
"BKCH39.SA","Global X Funds","25.80"
"BKSA39.SA","BlackRock Institutional Trust Company NA","50.32"
"BKWB39.SA","KR CSI CHINADRE","149.00"
"BKYY39.SA","First Trust Cloud Computing ETF","57.94"
"BLAU3F.SA","BLAU        ON      NM","10.05"
"BLBT39.SA","Global X Funds","46.45"
"BLFT11.SA","BL03 Fundo Invest Financeiro","106.16"
"BLPA39.SA","Global X Funds","36.19"
"BLPX39.SA","Global X Funds","49.32"
"BLQD39.SA","iShares Trust - iShares iBoxx $ Investment Grade Corporate Bond ETF","56.75"
"BMBB39.SA","BKR MBS     DRE","49.26"
"BMEB3F.SA","MERCANTIL   ON      N1","64.55"
"BMEB4F.SA","MERCANTIL   PN      N1","75.57"
"BMGB10.SA","BANCO BMG   PN  REC N1","5.00"
"BMGB10F.SA","BANCO BMG   PN  REC N1","4.95"
"BMGB4F.SA","BANCO BMG   PN      N1","5.00"
"BMIL39.SA","GX MILLECONMDRE","52.92"
"BMIN3F.SA","MERC INVEST ON","20.14"
"BMIN4F.SA","MERC INVEST PN","18.32"
"BMMT11.SA","B - Index Morningstar Brasil Momento Fundo","161.62"
"BMOB3F.SA","BEMOBI TECH ON      NM","25.29"
"BMRE39.SA","BKR MORTGAGEDRE ED","54.92"
"BMTU39.SA","iShares Trust - iShares MSCI USA Momentum Factor ETF","63.13"
"BNBR3F.SA","NORD BRASIL ON","121.58"
"BNDA39.SA","Ishares Msci India Etf","61.53"
"BNDX11.SA","Investo Bloomberg Global Bond ETF Fundo De Investimento De Indice - Investimento No Exterior","99.71"
"BOBR4F.SA","BOMBRIL     PN","1.37"
"BODB11.SA","Bocaina Infra- Fundo de Investimento em Cotas de Fundos Incentivados de Investimento em","7.82"
"BODI11.SA","Bocaina Infra Cdi Fic De Fundos Incentivados De Investimento Em Infra Renda Fixa Resp Limitada","10.25"
"BOL511.SA","B-Index ETF Ima-B 5 P2 Fundo de Indice - Responsabilidade Limitada","105.98"
"BOTZ39.SA","Global X Funds","43.79"
"BOVA11.SA","iShares Ibovespa Index Fund","179.51"
"BOVB11.SA","ETF Bradesco Ibovespa Fundo De Indice","187.74"
"BOVS11.SA","Safra Ibovespa Fundo De Indice","141.26"
"BOVV11.SA","It Now Ibovespa Fundo de Indice","188.30"
"BOVX11.SA","Trend ETF Ibovespa Fundo De Indice","18.74"
"BPAC11F.SA","BTGP BANCO  UNT     N2","55.07"
"BPAC3F.SA","BTGP BANCO  ON      N2","36.29"
"BPAC5F.SA","BTGP BANCO  PNA     N2","11.35"
"BPAR3F.SA","BANPARA     ON","110.20"
"BPIC39.SA","BlackRock Institutional Trust Company NA","70.84"
"BPRE11.SA","B-Index ETF Irf-M P2 Fundo de Índice - Responsabilidade, LTDA","104.66"
"BPVE39.SA","Global X Funds","44.65"
"BQQW39.SA","FT NASD100EQDRE","70.00"
"BQTC39.SA","FT NASD100TCDRE","76.61"
"BQUA39.SA","iShares Trust - iShares MSCI USA Quality Factor ETF","66.99"
"BQYL39.SA","Global X Funds","29.80"
"BRAP3F.SA","BRADESPAR   ON      N1","19.31"
"BRAP4F.SA","BRADESPAR   PN      N1","22.17"
"BRAV3F.SA","BRAVA       ON      NM","19.98"
"BRAV3Q.SA","BRAVA       ON      NM","17.30"
"BRAX11.SA","iShares IBrX-Índice Brasil (IBrX-100) Index Fund","153.14"
"BRAZ11.SA","Bb Etf Ibovespa B3 Br+ Fundo De Indice Responsabilidade Limitada","12.68"
"BRBI11.SA","BRBI BR Partners S.A.","19.02"
"BRBI11F.SA","BR PARTNERS UNT     N2","19.00"
"BRCO11.SA","Bresco - Fundo De Investimento Imobiliario","115.62"
"BRCO11Q.SA","--","112.60"
"BREW11.SA","B-Index Morningstar Brasil Pesos Iguais Fundo De Indice","151.83"
"BRFT11.SA","Bradesco Farmtech Fundo De Investimento Nas Cadeias Produtivas Agroindustriais Fiagro - Dc","89.50"
"BRKM3F.SA","BRASKEM     ON      N1","9.03"
"BRKM5F.SA","BRASKEM     PNA     N1","10.29"
"BRKM6F.SA","BRASKEM     PNB     N1","8.01"
"BRSR3F.SA","BANRISUL    ON  EJ  N1","18.87"
"BRSR5F.SA","BANRISUL    PNA EJ  N1","17.00"
"BRSR6F.SA","BANRISUL    PNB EJ  N1","17.26"
"BRST3F.SA","BRISANET    ON      NM","3.06"
"BRXC11.SA","BTG Pactual Teva IABR Selector Fundo de Índice - Responsabilidade, LTDA","138.16"
"BRZP11.SA","Brz Infra Portos Fundo De Investimento Em Participacoes Em Infraestrutura","176.02"
"BSDV39.SA","Global X Funds","64.87"
"BSHV39.SA","BKR 0 1 SHV DRE","58.02"
"BSHY39.SA","BKR 1 3 YRTRDRE","54.04"
"BSIL39.SA","Global X Funds","42.88"
"BSLI3F.SA","BRB BANCO   ON","4.20"
"BSLI4F.SA","BRB BANCO   PN","3.98"
"BSLV39.SA","Ishares Silver Trust","106.17"
"BSOX39.SA","iShares Trust - iShares Semiconductor ETF","43.44"
"BSRE39.SA","GX SUDIVREITDRE","36.90"
"BTAG11.SA","Btg Pactual Credito Agrocola Fundo De Investimento Em Cotas Fiagro Direitos Creditorios","111.98"
"BTFL39.SA","BKR FLOT RTEDRE","53.25"
"BTHI11.SA","Btg Pactual Hoteis Fundo De Investimento Imobiliario","44.10"
"BTIP39.SA","BlackRock Institutional Trust Co NA","57.64"
"BTLT39.SA","BKR 20YR TRSDRE","30.00"
"BUAE39.SA","BKR MSCI UAEDRE","48.00"
"BULZ11.SA","GENIAL HBETACI","97.31"
"BURA39.SA","Global X Funds","41.06"
"BURT39.SA","iShares, Inc. - iShares MSCI World ETF","63.52"
"BUSM39.SA","Ishares Msci Usa Min Vol Factor ETF","61.38"
"BUSR39.SA","iShares Trust - iShares Core U.S. REIT ETF","51.30"
"BUTL39.SA","BlackRock Institutional Trust Company NA","75.04"
"BVBR11.SA","INVCONSTQBRLCI","22.71"
"BVLU39.SA","iShares Trust - iShares MSCI USA Value Factor ETF","76.27"
"BXPO11.SA","Investo Marketvector Brazil Global Exposure Etf – Fundo De Investimento De Indice","153.74"
"BXTC39.SA","Ishares Exponential Technologies ETF","59.70"
"C1CJ34.SA","CAMECO CORP DRN","114.40"
"C1RH34.SA","CRH PLC     DRN","90.81"
"C2AC34.SA","CACI International Inc","3.89"
"C2CA34.SA","Coca-Cola FEMSA, S.A.B. de C.V.","101.81"
"C2GN34.SA","Cognex Corporation","33.13"
"C2HP34.SA","ChargePoint Holdings, Inc.","9.14"
"C2OL34.SA","Grupo Cibest S.A.","93.80"
"C2OU34.SA","Coursera, Inc.","15.19"
"C2PR34.SA","Cousins Properties Incorporated","29.01"
"C2RN34.SA","Cerence Inc.","8.59"
"C2RS34.SA","CRISPR Therapeutics AG","30.48"
"C2RW34.SA","CrowdStrike Holdings, Inc.","93.34"
"C2SW34.SA","Columbia Sportswear Company","28.77"
"CACR11.SA","Supernova Fundo De Investimento Imobiliario - Recebiveis Imobiliarios","81.65"
"CALI3F.SA","CONST A LINDON","16.90"
"CAMB3F.SA","CAMBUCI     ON  EJ","9.68"
"CAML3F.SA","MSCI AUSTRIA SMALL CAP NETR EUR","5.80"
"CAPE11.SA","ISHARES BOVESPA BR+ CAP 5% B3 CLASSE DE ÍNDICE - RESPONSABILIDADE LIMITADA","148.67"
"CASA11.SA","Buena Vista Neos Real Estate High Income Index Fundo De Indice - Responsabilidade Limitada","85.20"
"CASH3F.SA","MELIUZ      ON      NM","3.63"
"CASN3F.SA","CASAN       ON","8.39"
"CAUT11.SA","Smrt11 Fundo De Investimento Em Cotas De Fundo De Investimento Em Direitos Creditorios","100.00"
"CBAV3F.SA","CBA         ON      NM","10.27"
"CBEE3F.SA","AMPLA ENERG ON","9.97"
"CBTC39.SA","21SH BITCOINDRE","29.42"
"CCTY3F.SA","RDVC CITY   ON      NM","8.12"
"CDII11.SA","Sparta Infra Cdi Fd De Invest Em Cotas De Fd Incentivados De Inv Em Infraestrutura Renda Fixa Cr Pri","104.26"
"CEAB3F.SA","CEA MODAS   ON      NM","12.12"
"CEBR3F.SA","CEB         ON","30.84"
"CEBR5F.SA","CEB         PNA","29.90"
"CEBR6F.SA","CEB         PNB","30.66"
"CEDO4F.SA","CEDRO       PN      N1","7.80"
"CEEB3F.SA","COELBA      ON  EJ","47.16"
"CEEB5F.SA","COELBA      PNA EJ","42.00"
"CEED3F.SA","CEEE,D      ON","9.50"
"CEGR3F.SA","CEG         ON","60.50"
"CGAS3F.SA","COMGAS      ON","126.00"
"CGAS5F.SA","COMGAS      PNA","132.55"
"CGRA3F.SA","GRAZZIOTIN  ON","26.40"
"CGRA4F.SA","GRAZZIOTIN  PN","26.40"
"CHIP11.SA","INVESTO ETF US LISTED SEMICONDUCTOR 25 INDEX CLASSE DE ÍNDICE IE RESP LIMITADA","24.74"
"CLOB11.SA","Btg Pactual Clo Smart Fundo De ÃNdice Â€“ Responsabilidade Limitada","94.73"
"CLOV34.SA","Clover Health Investments, Corp.","9.52"
"CLSC3F.SA","CELESC      ON      N2","126.00"
"CLSC4F.SA","CELESC      PN      N2","144.93"
"CMDB11.SA","Btg Pactual Teva Acoes Commodities Brasil Fundo De Indice","17.50"
"CMIG3F.SA","CEMIG       ON      N1","16.56"
"CMIG4F.SA","CEMIG       PN      N1","12.34"
"CMIN3F.SA","CSNMINERACAOON      N2","4.90"
"COCE3F.SA","COELCE      ON","38.00"
"COCE5F.SA","COELCE      PNA","31.06"
"COGN3F.SA","STX TR.EXP.UK 50 NR DL","3.03"
"COIN11.SA","Buena Vista Neos Bitcoin High Income Index Fundo De Indice Responsabilidade Limitada","45.36"
"COLD34.SA","AMERICOLD RTDRN","20.30"
"COPN11.SA","Copernico Fundo De Investimento Em Participacoes Em Infraestrutura","45.78"
"CORN11.SA","Bb Etf Indice Futuro De Milho B3 Fundo De Indice","7.40"
"CPFE3F.SA","CPFL ENERGIAON      NM","46.51"
"CPFE3Q.SA","CPFL ENERGIAON      NM","46.70"
"CPLE3F.SA","COPEL       ON      NM","15.07"
"CPTI11.SA","Capitania Infra Fic Fi Infra Rf Cp","89.30"
"CPTR11.SA","Capitania Agro Strategies - Fiagro - Imobiliario Fund","8.46"
"CRAA11.SA","Sparta Fiagro Fundo De Investimento Nas Cadeias Produtivas Agroindustriais - Imobiliario","102.25"
"CRPG3F.SA","CRISTAL     ON","19.58"
"CRPG5F.SA","CRISTAL     PNA","18.15"
"CRPG6F.SA","CRISTAL     PNB","18.30"
"CRPT11.SA","Empiricus Teva Criptomoedas Top20 Fundo De Índice","12.83"
"CSAN3F.SA","COSAN       ON      NM","5.27"
"CSED3F.SA","CRUZEIRO EDUON      NM","5.58"
"CSMG3F.SA","COPASA      ON      NM","55.55"
"CSMG3Q.SA","COPASA      ON      NM","53.93"
"CSNA3F.SA","SID NACIONALON","6.49"
"CSUD3F.SA","CSU DIGITAL ON      NM","17.76"
"CTAX3F.SA","CONTAX      ON","0.80"
"CTEM11.SA","FIAGRO CTEM CI","6.00"
"CTKA3F.SA","KARSTEN     ON","42.00"
"CTKA4F.SA","KARSTEN     PN","43.50"
"CTSA3F.SA","SANTANENSE  ON","2.10"
"CTSA4F.SA","SANTANENSE  PN","1.76"
"CURY3F.SA","CURY S/A    ON      NM","35.50"
"CVCB3F.SA","CVC BRASIL  ON      NM","2.10"
"CXCO11Q.SA","--","72.00"
"CXSE3F.SA","CAIXA SEGURION      NM","17.53"
"CYRE3F.SA","CYRELA REALTON      NM","27.41"
"CYRE3Q.SA","--","27.70"
"CYRE4.SA","Cyrela Brazil Realty S.A. Empreendimentos e Participações","25.19"
"CYRE4F.SA","CYRELA REALTPN      NM","25.20"
"D2NL34.SA","Denali Therapeutics Inc.","21.34"
"D2OC34.SA","Doximity, Inc.","20.60"
"D2TC34.SA","Dynatrace, Inc.","23.88"
"DASA3F.SA","DASA        ON      NM","3.47"
"DBAG34.SA","Deutsche Bank Aktiengesellschaft","152.16"
"DCRA11.SA","Devant Fundo De Investimento Nas Cadeias Produtivas Agroindustriais - Fiagro-Imobiliario","7.36"
"DEBB11.SA","BTG Pactual Teva Debentures Di Fundo De Indice","16.05"
"DEFI11.SA","Hashdex Defi Index Fundo De Indice","12.81"
"DESK3F.SA","NASDAQ Global Chemicals NTR Ind","17.73"
"DEXP3F.SA","DEXXOS PAR  ON      N1","7.06"
"DEXP4F.SA","DEXXOS PAR  PN      N1","7.01"
"DIRR3F.SA","DIRECIONAL  ON      NM","13.39"
"DIVD11.SA","It Now Idiv Renda Dividendos Fundo De Indice – Responsabilidade Limitada","65.55"
"DIVO11.SA","It Now IDIV Index Fund","131.39"
"DIVS11.SA","Sparta Infra Inflacao Longa In Fundo De I Em Cotas De Fundos De In Em Infraestrutura Renda Fixa","105.00"
"DMVF3F.SA","D1000VFARMA ON      NM","6.42"
"DOHL3F.SA","DOHLER      ON","6.55"
"DOHL4F.SA","DOHLER      PN","3.59"
"DOLA11.SA","BB ETF Indice Futuro De Dolar S&P B3 Fundo De Indice Responsabilidade Limitada","10.15"
"DOLB11.SA","BTG SP DOLARCI","97.00"
"DOLL39.SA","iShares Trust","52.72"
"DOLX11.SA","TREND DOLAR CI","47.75"
"DOTZ3F.SA","DOTZ SA     ON      NM","2.76"
"DTCR39.SA","GX DATAINFRADRE","62.28"
"DTCY3F.SA","DTCOM,DIRECTON","2.55"
"DUOL34.SA","DUOLINGO INCDRN","16.14"
"DVER11.SA","Bb Etf Indice Diversidade B3 Investimento Sustentavel Fundo De Indice","13.59"
"DXCO3F.SA","DEXCO       ON      NM","4.63"
"E1DI34.SA","CONSOLIDATEDDRN","292.61"
"E2AG34.SA","Eagle Materials Inc.","60.50"
"E2LS34.SA","Equity LifeStyle Properties, Inc.","33.26"
"E2NO34.SA","Enovis Corporation","30.36"
"E2NP34.SA","Enphase Energy, Inc.","8.50"
"E2NT34.SA","Entegris, Inc.","35.60"
"E2PA34.SA","EPAM Systems, Inc.","11.53"
"E2XE34.SA","Exelixis, Inc.","110.03"
"EALT3F.SA","ACO ALTONA  ON","13.90"
"EALT4F.SA","ACO ALTONA  PN","14.19"
"EBIT11.SA","Empiricus Teva Bitcoin Fundo De Indice - Responsabilidade Limitada","60.74"
"ECOO11.SA","iShares Índice Carbono Eficiente (ICO2) Brasil - Fundo de Índice","152.86"
"ECOR3F.SA","ECORODOVIAS ON      NM","8.23"
"EDEN39.SA","MSCI DENMARKDRE","35.76"
"EETH11.SA","BTG Pactual Teva Ethereum Fundo De Indice","46.91"
"EGAF11.SA","Ecoagro I Fundo De Investimento Nas Cadeias Produtivas Agroindustriais Fiagro Imobiliario","99.03"
"EGIE3F.SA","ENGIE BRASILON      NM","31.52"
"EIDO39.SA","BlackRock Institutional Trust Co NA","40.73"
"EKTR3F.SA","ELEKTRO     ON  EJ","46.00"
"EKTR4F.SA","ELEKTRO     PN  EJ","39.00"
"ELAS11.SA","Safra ETF Mulheres Na Lideranca Fundo De Indice De Acoes","175.47"
"EMAE4F.SA","EMAE        PN","42.95"
"EMBJ3F.SA","EMBRAER     ON  ATZ NM","75.05"
"EMBJ3Q.SA","EMBRAER     ON  ATZ NM","78.55"
"ENDD11.SA","Endurance Debt Fundo De Investimento Em Participacoes Em Infraestrutura","113.88"
"ENEV3F.SA","ENEVA       ON      NM","24.39"
"ENEV3Q.SA","ENEVA       ON      NM","24.22"
"ENGI11F.SA","ENERGISA    UNT     N2","50.38"
"ENGI11Q.SA","ENERGISA    UNT     N2","50.74"
"ENGI3F.SA","ENERGISA    ON      N2","12.49"
"ENGI4F.SA","ENERGISA    PN      N2","9.52"
"ENJU3F.SA","ENJOEI      ON      NM","1.16"
"ENMT3F.SA","ENERGISA MT ON  ED","50.00"
"ENMT4F.SA","ENERGISA MT PN  ED","48.23"
"EPAR3F.SA","EMBPAR S/A  ON","3.21"
"EQMA3BF.SA","EQUATORIAL MARANHA","30.99"
"EQPA3F.SA","EQTL PARA   ON","6.90"
"EQPA5F.SA","EQTL PARA   PNA","7.95"
"EQTL3F.SA","EQUATORIAL  ON      NM","40.19"
"ESGB11.SA","Btg Pactual Esg Fundo De Indice S P Brazil Esg","127.43"
"ESPA3F.SA","ESPACOLASER ON      NM","1.14"
"ESTR4F.SA","ESTRELA     PN","4.03"
"ETER3F.SA","ETERNIT     ON      NM","4.07"
"ETHA39.SA","BKR ETHEREUMDRE","26.88"
"ETHE11.SA","Hashdex Nasdaq Ethereum Reference Price Fundo De Indice","30.98"
"ETHY11.SA","Buena Vista Dex Vettafi Neos Ethereum High Income Fundo De ÃNdice De Responsabilidade Limitada","62.20"
"EUCA3F.SA","Nasdaq US Benchmark Financial S","20.64"
"EUCA4F.SA","EUCATEX     PN      N1","20.33"
"EVEN3F.SA","EVEN        ON      NM","7.03"
"EVTC31.SA","EVERTEC INC DR1","146.45"
"EWBZ11.SA","ISHARES BOVESPA BR+ EQUAL WEIGHT B3 CLASSE DE ÍNDICE - RESPONSABILIDADE LIMITADA","135.88"
"EWJV39.SA","MSCI JAPAN VDRE","54.05"
"EXIF11.SA","EXES FIC FI INFRAESTRUTURA RENDA FIXA CRÉDITO PRIVADO LONGO PRAZO - RESPONSABILIDADE LIMITADA","10.19"
"EZTC3F.SA","EZTEC       ON      NM","13.72"
"F2IC34.SA","Fair Isaac Corporation","122.27"
"F2IV34.SA","Five9, Inc.","5.07"
"F2RS34.SA","Freshworks Inc.","14.25"
"FDES11.SA","Fundo de Recuperacao Economica","0.30"
"FDES11F.SA","FUNDES      CI","0.30"
"FESA3F.SA","FERBASA     ON      N1","11.65"
"FESA4F.SA","FERBASA     PN      N1","7.81"
"FGAA11.SA","FG/Agro Fundo De Investimento Nas Cadeias Produtivas Agroindustriais - Fiagro-Imobiliario","9.27"
"FHER3F.SA","FER HERINGERON      NM","4.22"
"FICT3F.SA","FICTORALIMENON","0.44"
"FIEI3F.SA","FICA        ON","10.09"
"FIND11.SA","It Now IFNC Index Fund","182.72"
"FIQE3F.SA","UNIFIQUE    ON      NM","6.70"
"FIXA11.SA","Bb Etf Renda Fixa Pré Índice Futuro De Taxas De Juros S&P/B3 Fundo De Índice Resp Limitada","18.73"
"FLCR11Q.SA","FII FL RECEBCI","100.00"
"FLRY3F.SA","FLEURY      ON      NM","15.39"
"FNAM11.SA","Fundo de Investimento Amazônia - FINAM","0.37"
"FNOR11.SA","Finor -Ci Fund","0.65"
"FOMO11.SA","FOMO HASH   CI","20.30"
"FRAS3F.SA","FRAS,LE     ON      N1","21.60"
"FRIO3F.SA","METALFRIO   ON      NM","170.18"
"FSPE11.SA","Fiset Pesca Fiset Fspe","0.30"
"FSPE11F.SA","FISET PESCA CI","0.30"
"FSRF11.SA","Fiset FL Ref","0.09"
"FSRF11F.SA","FISET FL REFCI","0.09"
"FSTU11F.SA","FISET TUR   CI","0.33"
"FTCA11.SA","Nch Recebiveis Do Agronegocio - Fiagro Imobiliario","9.21"
"FZDA11.SA","FIAGRO FZDA CI","125.66"
"FZDB11.SA","051 Agro Fazendas Iii Fundo De Investimento Nas Cadeias Produtivas Agroindustriais","120.05"
"G1TR39.SA","ABRDN PMETALDRE","77.10"
"G2NT34.SA","Gentex Corporation","27.54"
"GBIT11.SA","Galapagos Bitcoin Cme Cf Fundo De Indice","71.96"
"GBTC11.SA","Buena Vista Hashdex Gold & Bitcoin Fundo De Indice - Responsabilidade Limitada","27.76"
"GCRA11.SA","Galapagos Recebiveis Do Agronegocio Fiagro Imobiliario","55.78"
"GDIV11.SA","Buena Vista Dex Neos International High Income Fundo De Indice De Responsabilidade Limitada","93.01"
"GDXB39.SA","VanEck Gold Miners ETF","145.30"
"GENB11.SA","Btg Pactual S&P B3 Ingenius Fundo De Indice","15.20"
"GEPA3F.SA","GER PARANAP ON","32.07"
"GEPA4F.SA","GER PARANAP PN","35.41"
"GFSA3F.SA","GAFISA      ON      NM","1.77"
"GGBR3F.SA","GERDAU      ON  ED  N1","16.58"
"GGBR4F.SA","GERDAU      PN  ED  N1","18.40"
"GGPS3F.SA","GPS         ON      NM","16.54"
"GICP11.SA","GENIAL DEBDIF11","10.54"
"GLDI11.SA","IT NOW GOLD CI","55.80"
"GLDX11.SA","Investo ETF Solactive Gold Spot Index Fundo De Indice","107.39"
"GLFT11.SA","GLPG TEVALFTF11","106.71"
"GMAT3F.SA","GRUPO MATEUSON      NM","4.63"
"GOAT11.SA","It Now Sp Imab Fundo De Indice Responsabilidade Limitada","54.08"
"GOAU3F.SA","GERDAU MET  ON  ED  N1","8.15"
"GOAU4F.SA","GERDAU MET  PN  ED  N1","8.22"
"GOLB11.SA","BTGP GOLB   CI","107.61"
"GOLD11.SA","Trend Etf Lbma Ouro Fundo Investimento Cotas De Fundo De Andice Investimento Exterior","23.85"
"GOLL54F.SA","GOL         PN *P","11.44"
"GOLX11.SA","TREND OURO HCI","50.86"
"GOVE11.SA","It Now IGCT Index Fund","79.88"
"GPAR3F.SA","CELGPAR     ON  ED","12.81"
"GPUS11.SA","Investo Gp Etf S&P 500 Fundo De Indice","102.79"
"GRND3F.SA","GRENDENE    ON      NM","4.71"
"GROP31.SA","POTASSIO BR DR1","17.04"
"GRWA11.SA","Greenwich Agro Fundo De Investimento Nas Cadeias Produtivas Agroindustriais - Fiagro - Imobiliario","8.06"
"GSHP3F.SA","GENERALSHOPPON","2.96"
"GXUS11.SA","GLPG GLBEXUSCI","100.54"
"HAGA3F.SA","HAGA S/A    ON","2.32"
"HAGA4F.SA","HAGA S/A    PN","1.44"
"HAPV3F.SA","HAPVIDA     ON  ATZ NM","9.94"
"HASH11.SA","Hashdex Nasdaq Crypto Index Fundo De Indice","47.25"
"HBOR3F.SA","HELBOR      ON      NM","2.54"
"HBRE3F.SA","HBR REALTY  ON      NM","2.90"
"HBSA3F.SA","HIDROVIAS   ON      NM","4.08"
"HBTS5F.SA","HABITASUL   PNA","36.80"
"HERT11.SA","Hedge Brasil Equity REITS Fundo De Indice De Responsabilidade Limitada","21.99"
"HGAG11.SA","High Fundo De Investimento Agro - Fiagro - Imobiliario","13.87"
"HGBR11.SA","Nu Iboxx Investment Grade Hedge Carry Brl Classe De Índice Investimento No Exterior - RL","52.90"
"HGBS12.SA","FII HEDGEBS DM   20,84","0.02"
"HGPO11.SA","Cshg Jhsf Prime Offices Fundo De Investimento Imobiliario","151.90"
"HIGH11.SA","NU IBOV SMART HIGH BETA B3 CLASSE DE ÍNDICE - RESPONSABILIDADE LIMITADA","94.15"
"HIRE11.SA","Hire Fundo De Investimento Imobiliario Responsabilidade Limitada","100.36"
"HODL11.SA","INVESTO ETF MARKETVECTOR BITCOIN BENCHMARK RATE FUNDO DE ÍNDICE - RESPONSABILIDADE LIMITADA","60.20"
"HOMS11.SA","FII HOMS    CI","124.76"
"HOOT4F.SA","HOTEIS OTHONPN","6.37"
"HTEK11.SA","Htek - It Now Morningstar Xt Us Healthcare Fundo De Indice","56.19"
"HYBR11.SA","Nu Iboxx High Yield Hedge Carry Brl Classe De Indice Investimento No Exterior- Resp Limitada","52.52"
"HYEM39.SA","VANECK EMERGDRE","34.61"
"HYPE3F.SA","HYPERA      ON      NM","23.30"
"HYPE3Q.SA","HYPERA      ON      NM","22.54"
"HYPE9.SA","Hypera S.A.","23.15"
"HYPE9F.SA","HYPERA      ON  REC NM","23.00"
"I2ND34.SA","indie Semiconductor, Inc.","13.55"
"I2NG34.SA","Ingredion Incorporated","73.57"
"I2NV34.SA","Invitation Homes Inc.","26.18"
"IAAG11.SA","Inter Amerra - Fiagro - Imobiliario","8.20"
"IAGR11.SA","Sfi Investimentos Do Agronegocio - Fiagro Imobiliario","4.29"
"IB5M11.SA","It Now IMA-B5+ Fundo De Indice","120.53"
"IBIT39.SA","BKR BITCOIN DRE","67.46"
"IBOB11.SA","Btg Pactual B3 Ibovespa Fundo De Indice","149.96"
"IBOV11.SA","IBOVESPA    IBO/","185,513.00"
"IDKA11.SA","It Now Irfm P3 Fundo De Indice Responsabilidade Limitada","57.88"
"IFCM3F.SA","INFRACOMM   ON      NM","0.95"
"IFRA11.SA","Itau FIC De Fundos De Investimento Em Direitos Creditorios De Infraestrutura","99.90"
"IFRI11.SA","Itau Fundo De Investimento Em Cotas De FIDIFEI Cdi Renda Fixa Credito Privado - Resp Limitada","103.61"
"IGTI11.SA","Iguatemi S.A.","26.91"
"IGTI11F.SA","IGUATEMI S.AUNT     N1","26.86"
"IGTI3F.SA","IGUATEMI S.AON      N1","3.13"
"IGTI4F.SA","IGUATEMI S.APN      N1","12.99"
"IMAB11.SA","It Now Id ETF Ima-B Fundo De Indice","110.70"
"IMBB11.SA","FUNDO DE INVESTIMENTO DE ÍNDICE - CLASSE DE INVESTIMENTO ETF BRADESCO IMA-B - RESP LIMITADA","145.42"
"INBR32Q.SA","--","43.72"
"INEP3F.SA","INEPAR      ON","1.26"
"INEP4F.SA","INEPAR      PN","1.27"
"INFB11.SA","Drys Fundo De Investimento Em Cotas De Fundos Incentivados De Investimento Em Infraestrutura R F","83.00"
"INTB3F.SA","INTELBRAS   ON      NM","14.01"
"IRBR3F.SA","IRBBRASIL REON      NM","53.58"
"IRFM11.SA","It Now IRF - M P2 Fundo De Indice","98.51"
"IRIF11.SA","Iridium Infra Fundo De Investim Em Cotas De Fundos Incent De Investim Em Infraes Renda Fixa","9.35"
"IRIM11Q.SA","FII IRIM    CI  ER","62.50"
"ISAE3F.SA","ISA ENERGIA ON  ED  N1","34.22"
"ISAE4F.SA","ISA ENERGIA PN  ED  N1","28.54"
"ISEN11.SA","ITAÚ ISENTO MARÇO 29 FUNDO DE INVESTIMENTO EM COTAS DE FIIF EM INFRA RF - RESP LIMITADA","111.57"
"ISET11.SA","Itaú Isento Setembro 28 Fundo De Investimento Em Cotas De Fiif Em Infra Rf Resp Limitada","110.95"
"ISNN11.SA","Itau Isento Julho 28 Fic De Fundos Incentivados De Inv Financeiro Em Infra Rf Resp Limitada","1,046.68"
"ISNT11.SA","Itau Isento Marco 28 Fundo De Investimento E Cotas D F I D I Financeiro Em Infraestrutura Renda Fixa","1,084.70"
"ISTT11.SA","Itau Isento Setembro 29 Fundo De Investimento Em Cotas De Fundos Incentivados De Inv Fi Em IRFRL","1,079.53"
"ISUS11.SA","It Now ISE Index Fund","45.97"
"ITRI11Q.SA","--","85.50"
"ITSA3F.SA","ITAUSA      ON  EJ  N1","13.37"
"ITSA4F.SA","ITAUSA      PN      N1","13.44"
"ITSA4Q.SA","ITAUSA      PN  EJ  N1","13.59"
"ITUB3F.SA","ITAUUNIBANCOON  EJ  N1","41.03"
"ITUB3Q.SA","--","41.97"
"ITUB4F.SA","ITAUUNIBANCOPN      N1","42.22"
"ITUB4Q.SA","ITAUUNIBANCOPN  EJ  N1","42.79"
"IVVB11.SA","iShares S&P 500 Fundo de Investimento - Investimento No Exterior","383.30"
"IWMI11.SA","Buena Vista Gestora De Recursos Ltda- Neos Russell 2000 High Income Ind Fundo De Indice","76.64"
"J2BL34.SA","Jabil Inc.","184.23"
"JALL3F.SA","JALLESMACHADON      NM","3.54"
"JEPI39.SA","JPMorgan Asset Management (AUS) Ltd","49.25"
"JFEN3F.SA","JOAO FORTES ON","0.77"
"JGPX11.SA","Fundo De Investimento Nas Cadeias Produtivas Agroindustriais Jgp Credito Fiagro Imobiliario","69.58"
"JHSF3F.SA","JHSF PART   ON      NM","8.63"
"JMBI11.SA","Jivemaua Bossanova Fundo De Investimento Em Cotas De Fundos Incentivados De I Em I R F R Limitada","89.77"
"JOGO11.SA","Investo Etf Global Video Gaming & Esports Fundo De Investimento De Indice - Ie","113.25"
"JOPA3F.SA","JOSAPAR     ON","22.02"
"JOPA4F.SA","JOSAPAR     PN","23.30"
"JSLG3F.SA","JSL         ON      NM","6.56"
"JURO11.SA","Sparta Infra Fundo Investimento Cotas Fundos Incentivados Investimento Infraestrutura Renda Fi Cr Pr","102.64"
"K2RC34.SA","Kilroy Realty Corporation","18.55"
"KDIF11.SA","Kinea Infra Fundo Investimento Cotas Fundos Investimento Direitos Creditorios Infraestrutura","129.70"
"KDOL11.SA","Kinea Agro Income Usd Fiagro-Imobiliario","88.99"
"KEPL3F.SA","KEPLER WEBERON      NM","8.35"
"KLBN11F.SA","KLABIN S/A  UNT     N2","19.19"
"KLBN3F.SA","KLABIN S/A  ON      N2","3.84"
"KLBN4F.SA","KLABIN S/A  PN      N2","3.85"
"KNCA11.SA","Kinea Credito Agro Fiagro-Imobiliario","95.74"
"KNDI11.SA","Kinea Estrategia Infra Cdi Fundo De Investimento Em Participacoes Em Infraestrutura Resp Limitada","104.71"
"KNOX11.SA","Fip Knox Debt Infraestrutura","100.02"
"KOPA11.SA","Kinea Oportunidades Agro I Fiagro - Responsabilidade Limitada","558.85"
"L1NE34.SA","--","23.20"
"L2PL34.SA","LPL Financial Holdings Inc.","87.83"
"L2RN34.SA","Stride, Inc.","115.69"
"L2SC34.SA","Lattice Semiconductor Corporation","65.31"
"LAFI11.SA","FIAGRO LAFI CI","116.39"
"LAND3F.SA","TERRASANTAPAON      NM","8.46"
"LAVV3F.SA","LAVVI       ON      NM","13.92"
"LAVV3Q.SA","--","14.20"
"LEVE3F.SA","METAL LEVE  ON      NM","34.65"
"LFIN11.SA","BTGP LFIN   F11","107.11"
"LFIX11.SA","Investo V8 Letra Financeira B3 Fundo De Indice","20.36"
"LFTB11.SA","Investo Etf Marketvector Brazil Treasury 760 Day Target Duration Classe De Indice - Responsab Limita","119.30"
"LFTI11.SA","It Now Teva Tesouro Selic Fundo De Indice Responsabilidade Limitada","51.84"
"LFTS11.SA","Investo Teva Tesouro Selic Etf - Fundo De Investimento De Indice","150.17"
"LIGT3F.SA","LIGHT S/A   ON      NM","4.69"
"LJQQ3F.SA","QUERO,QUERO ON      NM","1.98"
"LLFT11.SA","BTG Pactual Teva Tesouro Selic Fundo De Indice","111.60"
"LOGG3F.SA","LOG COM PROPON      NM","27.28"
"LOGN3F.SA","LOG,IN      ON      NM","32.05"
"LPSB3F.SA","LOPES BRASILON      NM","1.73"
"LREN3F.SA","LOJAS RENNERON      NM","15.11"
"LREN3Q.SA","LOJAS RENNERON      NM","15.55"
"LSAG11.SA","LESTE FUNDO DE INVESTIMENTO NAS CADEIAS PRODUTIVAS AGROINDUSTRIAIS- FIAGRO - IMOBILIÁRIO","84.76"
"LTNB11.SA","Btg Pactual Irf-M P2 Fundo De Indice","108.41"
"LUPA3F.SA","LUPATECH    ON      NM","0.85"
"LUXM4F.SA","TREVISA     PN","4.27"
"LVBI11.SA","Fundo De Investimento Imobiliario - VBI Logistico - Cota Fund","109.01"
"LVOL11.SA","Nu Ibov Smart Low Volatility B3 Classe De Indice - Responsabilidade Limitada","140.42"
"LWSA3F.SA","LWSA        ON      NM","3.76"
"M2AS34.SA","Masimo Corporation","31.07"
"M2KS34.SA","MKS Inc.","68.54"
"M2PM34.SA","MP Materials Corp.","54.29"
"M2PR34.SA","Monolithic Power Systems, Inc.","96.40"
"M2RV34.SA","Marvell Technology, Inc.","51.57"
"M2ST34.SA","Strategy Inc","9.98"
"MAPT4F.SA","CEMEPE      PN","3.84"
"MARG11.SA","Btg Pactual Margem Debentures Ultra Qualidade Di B3 Fundo De Indice","115.32"
"MATB11.SA","It Now IMAT Index Fund","60.46"
"MATD3F.SA","NASDAQ OMX Nordic Invest Compan","5.63"
"MBRF3F.SA","MARFRIG     ON  ATZ NM","20.36"
"MBRF3Q.SA","MARFRIG     ON  ATZ NM","17.06"
"MCEM15.SA","Merito Cemiterios Fii - Fundo De Investimento Imobiliario","61.70"
"MDIA3F.SA","M.DIASBRANCOON      NM","22.18"
"MDNE3F.SA","MOURA DUBEUXON      NM","31.19"
"MEAL3F.SA","IMC S/A     ON      NM","1.02"
"MELK3F.SA","MELNICK     ON      NM","3.40"
"META11.SA","Hashdex Crypto Metaverse Fundo De Indice","8.10"
"MGEL4F.SA","MANGELS INDLPN","6.34"
"MGLU3F.SA","MAGAZ LUIZA ON      NM","8.54"
"MIDB11.SA","BTGP B2035  F11","100.87"
"MILL11.SA","It Now Msci Usa Imi Millenials Select 50 Fundo De Indice","70.82"
"MILS3F.SA","MILLS       ON      NM","13.53"
"MLAS3F.SA","MULTILASER  ON      NM","1.34"
"MNDL3F.SA","STX TR.EXP.EU.50 NR EO","16.70"
"MNPR3F.SA","MINUPAR     ON","4.04"
"MOTV3F.SA","MOTIVA SA   ON      NM","15.40"
"MOVI1.SA","MOVIDA      DO   11,72","1.01"
"MOVI1F.SA","MOVIDA      DO   11,72","0.94"
"MOVI3F.SA","MOVIDA      ON  ES  NM","12.68"
"MRSA3BF.SA","MRS LOGISTICA","46.00"
"MRSA5BF.SA","MRS LOGISTICA","40.00"
"MRSA6BF.SA","MRS LOGISTICA","44.00"
"MRVE3F.SA","MRV         ON  ATZ NM","7.95"
"MSPA3F.SA","MELHOR SP   ON","46.39"
"MTRE3F.SA","MITRE REALTYON  ED  NM","3.73"
"MTSA4F.SA","STXE600 E.UK F.B.+T.PR EO","62.48"
"MULT3F.SA","MULTIPLAN   ON      N2","30.96"
"MWET3F.SA","WETZEL S/A  ON","16.00"
"MWET4F.SA","WETZEL S/A  PN","25.24"
"MYPK3F.SA","IOCHP,MAXIONON      NM","9.03"
"N2ET34.SA","Cloudflare, Inc.","60.73"
"N2LY34.SA","Annaly Capital Management, Inc.","111.05"
"N2TN34.SA","Nutanix, Inc.","54.47"
"N2VC34.SA","NovoCure Limited","5.83"
"NASD11.SA","Trend Etf Nasdaq 100 Fundo De Investimento De Indice - Investimento No Exterior","17.29"
"NATU3F.SA","NATURA      ON      NM","9.44"
"NATU3Q.SA","NATURA      ON      NM","9.44"
"NBIT11.SA","Nu Nasdaq Brazil Bitcoin Carry Futures Classe De Indice - Responsabilidade Limitada","28.41"
"NBOV11.SA","Nu Ibovespa B3 BR + Classe De Indice Ibovespa B3 BR + Responsabilidade Limitada","124.52"
"NCDI11.SA","NUCDISELICB3F11","106.27"
"NDIV11.SA","Nu Renda Ibov Smart Dividendos Fundo De Indice","126.69"
"NEOE3F.SA","NEOENERGIA  ON      NM","33.24"
"NEXG11.SA","FIAGRO NEXG CI","131.00"
"NEXP3F.SA","NEXPE       ON","2.90"
"NGRD3F.SA","NEOGRID     ON      NM","29.31"
"NLFA11.SA","Nu Letras Financeiras Anbima Classe De Índice - Responsabilidade Limitada","103.78"
"NORD3F.SA","NORDON MET  ON","3.00"
"NSAT34.SA","NATL STORAGEDRN ED","50.65"
"NSDV11.SA","Nu Ibov Smart Dividendos Fundo De Indice","154.89"
"NTNS11.SA","Investo Teva Tesouro Ipca+ 0 A 4 Anos Etf - Fundo De Investimento De Indice","63.70"
"NUCL11.SA","Investo MVIS Global Uranium & Nuclear Energy ETF Fundo De Indice","84.40"
"NUIF11.SA","Nu Asset FICFII Em Debentures De Infraestrutura Renda Fixa Credito Privado","92.39"
"NUTR3F.SA","NUTRIPLANT  ON","2.34"
"O2LE34.SA","Universal Display Corporation","27.80"
"O2NS34.SA","ON Semiconductor Corporation","41.09"
"OBTC3.SA","Oranjebtc S.A. - Educação e Investimento","6.88"
"OBTC3F.SA","ORANJEBTC   ON","6.90"
"ODPV3F.SA","ODONTOPREV  ON      NM","13.37"
"OFSA3F.SA","OUROFINO S/AON      NM","27.40"
"OGIN11.SA","Orama Fundo De Investimento Em Cotas De Fundos Incentivados De Investimento Em Infraestrutura Renda","8.14"
"OIAG11.SA","Ourinvest Innovation - Fiagro Imobiliario","9.22"
"OIBR3F.SA","OI          ON      N1","0.17"
"OIBR4F.SA","OI          PN      N1","1.29"
"ONCO3F.SA","ONCOCLINICASON      NM","1.68"
"OPCT3F.SA","OCEANPACT   ON      NM","9.12"
"ORVR3F.SA","ORIZON      ON      NM","65.82"
"OSXB3F.SA","OSX BRASIL  ON      NM","1.58"
"OURO11.SA","B-Index Etf Ouro Brl B3 Fundo De andice -Responsabilidade Limitada","96.09"
"P2AN34.SA","Palo Alto Networks, Inc.","13.75"
"P2CF34.SA","Grupo Aeroportuario del Pacífico, S.A.B. de C.V.","8.96"
"P2CY34.SA","Paylocity Holding Corporation","19.36"
"P2EG34.SA","Pegasystems Inc.","18.70"
"P2NB34.SA","Penumbra, Inc.","59.41"
"P2OS34.SA","POST HOLDINGDRN","85.68"
"P2ST34.SA","Everpure, Inc.","84.40"
"P2TC34.SA","PTC Inc.","50.36"
"PACB11.SA","Btg Pactual Teva Tesouro Ipca Ultra Longo Ce Fundo De Indice - Responsabilidade Limitada","10.60"
"PACC11.SA","Btg Pactual Ima-B 5 P2 Fundo De Indice","114.85"
"PACG11.SA","BTG Pactual Ima-B Fundo De Indice","112.27"
"PACL11.SA","Btg Pactual Ima-B 5+ Fundo De Indice","106.78"
"PATI3F.SA","PANATLANTICAON","32.90"
"PATI4F.SA","PANATLANTICAPN","35.00"
"PCAR3F.SA","P.ACUCAR,CBDON      NM","2.40"
"PDGR3F.SA","PDG REALT   ON      NM","2.46"
"PDTC3F.SA","PADTEC      ON      NM","1.54"
"PEAB3F.SA","Nasdaq North America Chemicals ","38.99"
"PETR3F.SA","PETROBRAS   ON      N2","53.50"
"PETR4F.SA","PETROBRAS   PN      N2","48.02"
"PETR4Q.SA","PETROBRAS   PN      N2","47.67"
"PEVC11.SA","Investo Bluestar Top 10 Us Listed Alternative Asset Managers Etf FII Investimento No Exterior","147.59"
"PFIN11.SA","Perfin Apollo Energia Fundo De Investimento Em Participacoes Em Infraestrutura","89.56"
"PFRM3F.SA","PROFARMA    ON      NM","7.30"
"PGMN3F.SA","PAGUE MENOS ON      NM","6.25"
"PGMN3Q.SA","--","6.26"
"PHIP11.SA","ITBRCURTOPHRF11","114.36"
"PIBB11.SA","It Now PIBB IBrX-50 Index Fund","327.15"
"PICE11.SA","Patria Infraestrutura Energia Core Fundo De Investimento Em Participacoes Em Infraestrutura","31.00"
"PINE10.SA","PINE        PN  REC N2","11.90"
"PINE10F.SA","PINE        PN  REC N2","12.40"
"PINE3F.SA","PINE        ON      N2","12.39"
"PINE4F.SA","PINE        PN      N2","12.00"
"PIPE11.SA","ETF BV PIPE CI  ER","105.31"
"PKIN11.SA","Bindex Etf Connect China Universal Csi 300 Fundo De Indice Responsabilidade Limitada","116.60"
"PLAS3F.SA","PLASCAR PARTON","3.97"
"PLCA11.SA","Plural Credito Agro - Fiagro - Imobiliario","78.15"
"PLPL3F.SA","PLANOEPLANO ON      NM","13.19"
"PMAM1.SA","PARANAPANEMADO    0,94","0.01"
"PMAM1F.SA","PARANAPANEMADO    0,94","0.01"
"PMAM3F.SA","PARANAPANEMAON      NM","0.53"
"PNVL3F.SA","DIMED       ON      NM","14.40"
"POMO3F.SA","MARCOPOLO   ON      N2","5.73"
"POMO4F.SA","MARCOPOLO   PN      N2","6.09"
"POSB11.SA","Galapagos Teva Tesouro Selic & Ipca Fundo De Indice","100.32"
"POSI3F.SA","POSITIVO TECON      NM","4.07"
"PPEI11.SA","Prisma Proton Energia Fundo De Investimento Em Participacoes Em Infraestrutura","83.25"
"PRIF11.SA","INFRA PRIF  CI","103.00"
"PRIO3F.SA","PETRORIO    ON      NM","68.63"
"PRIO3Q.SA","PETRORIO    ON      NM","68.20"
"PRNR3F.SA","PRINER      ON      NM","18.86"
"PSEC11.SA","Patria Securities Fundo De Investimento Imobiliário - Responsabilidade Limitada","61.93"
"PSSA3F.SA","PORTO SEGUROON      NM","48.83"
"PSSA3Q.SA","PORTO SEGUROON      NM","49.00"
"PTBL3F.SA","PORTOBELLO  ON      NM","3.18"
"PTNT3F.SA","PETTENATI   ON","8.62"
"PTNT4F.SA","PETTENATI   PN","8.67"
"Q2SC34.SA","QuantumScape Corporation","11.42"
"QBTC11.SA","Qr Cme Cf Bitcoin Reference Rate Fundo De Indice Investimento No Exterior","21.80"
"QDFI11.SA","Qr Bloomberg Defi Fundo De Indice - Investimento No Exterior","1.56"
"QETH11.SA","QR CME CF ETHER REFERENCE RATE FUNDO DE ÍNDICE - INVESTIMENTO NO EXTERIOR","7.59"
"QLBR11.SA","RBINVESTOETFCI","122.44"
"QQQI11.SA","Buena Vista Nasdaq-100 Neos High Income Etf Index (Ndxhien) Fundo De Indic - RL - Buena Vista II FI","89.29"
"QQQQ11.SA","Buena Vista V Fundo De Indice","98.00"
"QSOL11.SA","Qr Cme Cf Solana Dollar Reference Rate Fundo De Índice Investimento No Exterior Respons Limitada","5.52"
"QTOP39.SA","iShares Trust","52.45"
"QUAL3F.SA","QUALICORP   ON      NM","1.97"
"QUBT34.SA","QUANTUM COMPDRN","37.59"
"R2AR34.SA","Ultragenyx Pharmaceutical Inc.","10.76"
"R2GE34.SA","Repligen Corporation","20.50"
"R2NG34.SA","RingCentral, Inc.","7.96"
"R2PD34.SA","Rapid7, Inc.","2.43"
"R2RX34.SA","Regal Rexnord Corporation","56.57"
"RADL3F.SA","RAIADROGASILON      NM","23.78"
"RADL3Q.SA","RAIADROGASILON      NM","23.14"
"RAIL3F.SA","RUMO S.A.   ON      NM","16.07"
"RAIL3Q.SA","RUMO S.A.   ON      NM","16.83"
"RAIZ4F.SA","RAIZEN      PN      N2","0.56"
"RANI3F.SA","IRANI       ON      NM","9.48"
"RAPT3F.SA","RANDON PART ON      N1","5.04"
"RAPT4F.SA","OMX Stockholm Energy GI","5.06"
"RBFM11.SA","FII RIOB MT CI","10.93"
"RBIF11.SA","Rio Bravo Esg FICFI Em Infraestrutura Renda Fixa Credito Privado","78.52"
"RBRP11.SA","Fundo Investimento Imobiliario Rbr Properties Fii","51.87"
"RBRR11.SA","Fundo Investimento Imobiliario - FII RBR Rendimento High Grade","85.53"
"RBRX11Q.SA","FII RBRX PAXCI  ER","8.50"
"RBRY11.SA","Fundo Investimeto Imobiliario Rbr Private Credito Imobiliario","97.95"
"RCSL3F.SA","RECRUSUL    ON","0.71"
"RCSL4F.SA","RECRUSUL    PN","0.92"
"RDOR3F.SA","REDE D OR   ON      NM","38.59"
"RDOR3Q.SA","REDE D OR   ON      NM","39.85"
"RECM11.SA","Rec Multiestrategia Fundo De Investimento Imobiliario Responsabilidade Limitada","8.47"
"RECV3F.SA","PETRORECSA  ON      NM","13.37"
"REDE3F.SA","REDE ENERGIAON  ED","6.22"
"RELG11Q.SA","--","63.50"
"RENT3F.SA","LOCALIZA    ON      NM","46.54"
"RENT3Q.SA","LOCALIZA    ON      NM","47.97"
"RENT4.SA","Localiza Rent a Car S.A.","44.19"
"RENT4F.SA","LOCALIZA    PN      NM","44.20"
"REVE11.SA","It Now Russell® 1000 Green Revenues 50 Fundo De Indice","64.77"
"RGTI34.SA","RIGETTI COMPDRN","74.97"
"RIAA3F.SA","RIACHUELO   ON      NM","9.26"
"RICO11.SA","Buena Vista Viii Fundo De Indice","28.50"
"RIFF11.SA","Riff Fundo De Investimento Em Cotas De Fundos Incentivados De Investimento Em Infraestrut Renda Fixa","8.00"
"RNEW3F.SA","RENOVA      ON      N2","1.14"
"RNEW4F.SA","RENOVA      PN      N2","1.08"
"ROMI3F.SA","ROMI        ON      NM","7.17"
"ROXO34Q.SA","NU HOLDINGS DRN","12.94"
"RPAD3F.SA","ALFA HOLDINGON","6.17"
"RPAD5F.SA","ALFA HOLDINGPNA","6.03"
"RPAD6F.SA","ALFA HOLDINGPNB","6.00"
"RPMG3F.SA","PET MANGUINHON","2.18"
"RSID3F.SA","ROSSI RESID ON      NM","1.70"
"RSSL39.SA","GX RUSSL2000DRE","50.61"
"RSUL4F.SA","MSCI EAFE MID/INDUSTRIA NETR US","62.50"
"RTEL16.SA","FII RTEL    CI","32.35"
"RURA11.SA","Itau Asset Rural Fiagro - Imobiliario","8.99"
"RVEE3F.SA","REVEE       ON      NM","1.10"
"RZAG11.SA","Fundo De Investimento Nas Cadeias Produtivas Agroindustriais Riza Agro - Fiagro - Imobiliario","9.22"
"S2CH34.SA","Sociedad Química y Minera de Chile S.A.","68.00"
"S2ED34.SA","SolarEdge Technologies, Inc.","7.60"
"S2MP34.SA","SIMPLY GOOD DRN","24.97"
"S2NA34.SA","Snap Inc.","3.80"
"S2TW34.SA","Starwood Property Trust, Inc.","30.89"
"S2YN34.SA","Synaptics Incorporated","12.91"
"SANB11F.SA","SANTANDER BRUNT","29.67"
"SANB11Q.SA","--","30.50"
"SANB3F.SA","SANTANDER BRON","14.70"
"SANB4F.SA","SANTANDER BRPN","15.03"
"SAPR11F.SA","SANEPAR     UNT     N2","42.72"
"SAPR11Q.SA","SANEPAR     UNT     N2","42.42"
"SAPR3F.SA","SANEPAR     ON      N2","9.92"
"SAPR4F.SA","SANEPAR     PN      N2","8.19"
"SBFG3F.SA","GRUPO SBF   ON      NM","11.83"
"SBSP3F.SA","SABESP      ON      NM","153.26"
"SCAR3F.SA","SAO CARLOS  ON      NM","14.95"
"SCVB11.SA","Investo Marketvector Brazil Small Cap Value Etf - Fundo De Investimento De Andice","93.53"
"SEER3F.SA","SER EDUCA   ON      NM","12.57"
"SEQL3F.SA","SEQUOIA LOG ON      NM","0.35"
"SFIX11.SA","Btg Pactual Teva Itbr Ipca 95-5 Fundo De Indice","106.91"
"SHOW3F.SA","TIME FOR FUNON      NM","4.50"
"SHUL4F.SA","SCHULZ      PN","5.28"
"SILK11.SA","It Now Msci China A50 Fundo De Indice Responsabilidade Limitada","58.25"
"SIMH1.SA","SIMPAR      DO   11,24","0.22"
"SIMH1F.SA","SIMPAR      DO   11,24","0.21"
"SIMH3F.SA","SIMPAR      ON  ES  NM","11.15"
"SIVR39.SA","ABDEN SILV  DRE","111.47"
"SLCE3F.SA","SLC AGRICOLAON      NM","18.45"
"SMAB11.SA","Btg Pactual Smll B3 Fundo De Indice","8.51"
"SMAC11.SA","It Now Small Cap Fundo De Indice Fund","60.69"
"SMAL11.SA","iShares BM&FBovespa Small Cap Fundo de Índice","116.03"
"SMFT3F.SA","SMART FIT   ON      NM","18.72"
"SMIN39.SA","MSCI INDIASCDRE","40.49"
"SMTO3F.SA","SAO MARTINHOON      NM","20.75"
"SNAG11.SA","Suno Agro - Fiagro-Imobiliario","10.69"
"SNAG12.SA","FIAGRO SUNO DM   10,50","0.03"
"SNFZ11.SA","Suno Fazendas Fiagro – Imobiliario","9.75"
"SNID11.SA","Suno Infra Debentures FICFI De Investimento Em Infraestrutura Renda Fixa Credito Privado","11.25"
"SNSY3F.SA","SANSUY      ON","10.14"
"SNSY5F.SA","SANSUY      PNA","2.26"
"SNSY6F.SA","--","11.51"
"SOFF11.SA","Fundo De Investimento Imobiliario Sofia","102.00"
"SOJA3F.SA","BOA SAFRA   ON      NM","6.86"
"SOLH11.SA","Hashdex Nasdaq Solana Fundo De Indice","12.60"
"SOLN39.SA","21SH SOLANA DRE","31.63"
"SOND5F.SA","SONDOTECNICAPNA","75.50"
"SOND6F.SA","SONDOTECNICAPNB","55.57"
"SPBZ11.SA","BTG SPHEDGE CI","100.00"
"SPUB11.SA","Safra Etf Ibovespa Empresas Estatais Fundo De Indice - Responsabilidade Limitada","65.59"
"SPVT11.SA","Safra ETF Ibovespa Empresas Privadas Fundo De Indice - Responsabilidade Limitada","70.04"
"SPXB11.SA","Btg Pactual S&P 500 Fundo De Indice","15.00"
"SPXH11.SA","TREND SP BRLCI","48.11"
"SPXI11.SA","It Now S&P500 TRN Fundo de Índice","46.63"
"SPXR11.SA","IT Now S&P 500 Futures Quanto Brl Fundo De Indice - Responsabilidade Limitada","61.24"
"SPYI11.SA","Buena Vista Us High Income Etf Fundo De Indice Neos U.S Equity High Income Index","101.90"
"SPYR11.SA","B-Index Etf S&P 500 Brl Fundo De Indice - Responsabilidade Limitada","96.48"
"STOC34.SA","StoneCo Ltd.","73.40"
"SUIN11.SA","Sulamerica Infra Cdi Fundo De Investimento Em Cotas De Fundo De Investimento Financeiro Em IRFRL","88.50"
"SUZB3F.SA","SUZANO S.A. ON      NM","50.59"
"SUZB3Q.SA","SUZANO S.A. ON      NM","51.79"
"SVAL11.SA","Investo ETF S&P Smallcap 600 Value Fundo De Investimento De Indice - Investimento No Exterior","136.24"
"SYNE3F.SA","SYN PROP TECON      NM","4.68"
"T10R11.SA","It Now Sp Tesouro Americano 10 Anos Brl Fundo De Indice - Responsabilidade Limitada","53.23"
"T2ER34.SA","Teradyne, Inc.","88.33"
"T2ND34.SA","Tandem Diabetes Care, Inc.","8.43"
"T2RE34.SA","Trex Company, Inc.","12.99"
"T2RM34.SA","Trimble Inc.","34.41"
"T2YL34.SA","Tyler Technologies, Inc.","31.02"
"TAEE11F.SA","TAESA       UNT     N2","42.06"
"TAEE3F.SA","TAESA       ON      N2","13.82"
"TAEE4F.SA","TAESA       PN      N2","14.16"
"TASA3F.SA","TAURUS ARMASON      N2","5.35"
"TASA4F.SA","TAURUS ARMASPN      N2","5.24"
"TBIL39.SA","GX T BILL   DRE","52.63"
"TCSA3F.SA","TECNISA     ON      NM","1.30"
"TD3511.SA","IT NOW TD35 F11","50.06"
"TD5011.SA","IT NOW TD50 F11","49.76"
"TD6011.SA","IT NOW TD60 F11","49.67"
"TECK11.SA","It Now Nyse Fang+ Fundo De Indice","93.74"
"TECN3F.SA","TECHNOS     ON      NM","8.11"
"TECX11.SA","B-Index Etf Connect China Amc Chinext Fundo De Indice Responsabilidade Limitada","154.69"
"TELB3F.SA","TELEBRAS    ON","14.29"
"TELB4F.SA","TELEBRAS    PN","8.40"
"TEND3F.SA","TENDA       ON      NM","29.95"
"TEPP11Q.SA","FII TEL PROPCI","8.80"
"TF473.SA","--","10.00"
"TF475.SA","--","10.00"
"TF483.SA","--","10.00"
"TF485.SA","--","10.00"
"TF493.SA","--","10.00"
"TF495.SA","--","10.00"
"TF503.SA","--","10.00"
"TF505.SA","--","10.00"
"TF513.SA","--","10.00"
"TF515.SA","--","10.00"
"TF519.SA","ATIVO TESTE ON SPA","10.00"
"TF523.SA","--","10.00"
"TF525.SA","--","10.00"
"TF533.SA","--","10.00"
"TF535.SA","--","10.00"
"TF543.SA","--","10.00"
"TF545.SA","--","10.00"
"TF553.SA","--","10.00"
"TF563.SA","--","10.00"
"TF565.SA","--","10.00"
"TF573.SA","--","10.00"
"TF575.SA","--","10.00"
"TF583.SA","--","10.00"
"TF585.SA","--","10.00"
"TF593.SA","--","10.00"
"TF603.SA","--","10.00"
"TF623.SA","--","10.00"
"TF655.SA","--","10.00"
"TF665.SA","--","10.00"
"TF675.SA","--","10.00"
"TF681.SA","ATIVO TESTE ON SPA","10.00"
"TF685.SA","--","10.00"
"TF693.SA","ATIVO TESTE ON","10.00"
"TF703.SA","ATIVO TESTE ON","10.00"
"TF713.SA","ATIVO TESTE ON","10.00"
"TF723.SA","ATIVO TESTE ON","10.00"
"TFCO4F.SA","TRACK FIELD PN      N2","15.83"
"TGMA3F.SA","TEGMA       ON      NM","29.76"
"TGMA3Q.SA","TEGMA       ON      NM","29.50"
"TIMS3F.SA","TIM         ON      NM","26.94"
"TIRB11.SA","BTG Pactual Teva Dividendos Ativos Reais Listados Fundo De Indice - Responsabilidade Limitada","14.15"
"TKNO3F.SA","TEKNO       ON","220.00"
"TKNO4F.SA","TEKNO       PN","222.00"
"TOKY3F.SA","GRUPO TOKY  ON      NM","0.39"
"TORD11.SA","Tordesilhas Ei Fundo De Investimento Imobiliario","1.58"
"TOTS3F.SA","TOTVS       ON      NM","34.72"
"TPIS3F.SA","TRIUNFO PARTON      NM","6.69"
"TRAD3F.SA","TC          ON      NM","2.25"
"TRIG11.SA","Etf Trigono Teva Acoes Micro Cap / Small Cap Fundo De Indice","48.69"
"TRIS3F.SA","TRISUL      ON      NM","5.68"
"TRUE11.SA","Fundo de Investimento Imobiliario True Multiestrategia - Responsibilidade Limitada","24.90"
"TRXY11Q.SA","FII TRXY    CI","8.48"
"TTEN3F.SA","3TENTOS     ON      NM","15.72"
"TUPY3F.SA","TUPY        ON      NM","11.97"
"TXRX4F.SA","TEX RENAUX  PN","1.55"
"U2PS34.SA","Upstart Holdings, Inc.","6.65"
"UCAS3F.SA","UNICASA     ON      NM","1.55"
"UGPA3F.SA","ULTRAPAR    ON      NM","28.36"
"UGPA3Q.SA","ULTRAPAR    ON      NM","27.63"
"UNIP3F.SA","UNIPAR      ON","58.16"
"UNIP5F.SA","UNIPAR      PNA","59.80"
"UNIP6F.SA","UNIPAR      PNB","58.47"
"USAL11.SA","Trend Etf Crsp Us Large Cap Fiim Ie","14.67"
"USDB11.SA","Investo Bloomberg Us Bond Etf Fundo De Investimento De indice  Investimento No Exterior","100.80"
"USIM3F.SA","FLEXSHARES ESG & CLIMATE DEVELO","6.58"
"USIM5F.SA","USIMINAS    PNA     N1","6.68"
"USIM6F.SA","USIMINAS    PNB     N1","8.00"
"USTK11.SA","Investo ETF MSCI US Technology Fundo De Investimento De Indice – Investimento No Exterior","16.43"
"UTEC11.SA","Trend Etf Msci Us Technology Fundo De Investimento De Indice","21.70"
"UTLL11.SA","Investo B3 Utilidade Pública Fundo De Índice","127.06"
"V1RT34.SA","VERTIV HOLDSDRN ED","132.53"
"V1ST34.SA","VISTRA CORP DRN ED","56.51"
"V2RN34.SA","Varonis Systems, Inc.","18.85"
"V2TX34.SA","VTEX        DRN","20.35"
"VALE3F.SA","VALE        ON      NM","78.49"
"VAMO1.SA","VAMOS       DO    3,85","0.10"
"VAMO1F.SA","VAMOS       DO    3,85","0.09"
"VAMO3F.SA","VAMOS       ON  ES  NM","3.76"
"VBBR3F.SA","VIBRA       ON      NM","31.01"
"VBBR3Q.SA","VIBRA       ON      NM","31.00"
"VCRA11.SA","Vectis Datagro Crédito Agronegócio - Fi Nas Cadeias Produtivas Do Agronegócio Resp Limitada","62.56"
"VCTH11.SA","FII VCTH    CI","110.00"
"VGIA11.SA","Valora Cra Fundo De Investimento In Agroindustrial Production Chains - Fiagro-Imobiliário","9.73"
"VHFA11.SA","FIAGRO VHFA CI","11.03"
"VIGT11.SA","Vinci Energia Fundo De Investimento Em Participacao Em Infraestrutura","45.84"
"VINF11.SA","Vinland Infraestrutura FIIF Em DICI Em Cotas Renda Fixa Credito Privado Responsabilidade Limitada","93.60"
"VITT3F.SA","VITTIA      ON      NM","4.17"
"VIVA3F.SA","VIVARA S.A. ON      NM","26.50"
"VIVR13.SA","VIVER       DM    0,22","0.01"
"VIVR13F.SA","VIVER       DM    0,22","0.01"
"VIVR3F.SA","VIVER       ON      NM","0.40"
"VIVT3F.SA","TELEF BRASILON","40.41"
"VLID3F.SA","VALID       ON      NM","20.14"
"VSTE3F.SA","VESTE       ON      NM","3.47"
"VTRU3F.SA","VITRUEDUCA  ON      NM","14.05"
"VULC3F.SA","VULCABRAS   ON      NM","17.23"
"VVCR11.SA","V2 Recebíveis Imobiliários Fundo de Investimento Imobiliário","9.70"
"VVEO3F.SA","VIVEO       ON      NM","1.24"
"VWRA11.SA","Investo FTSE All-World Fundo De Indice","98.80"
"W2EX34.SA","WEX Inc.","52.30"
"WDCN3F.SA","WDC NETWORKSON      NM","2.45"
"WEB311.SA","Hashdex Smart Contract Platforms Fundo De Indice","15.14"
"WEGE3F.SA","WEG         ON      NM","47.71"
"WEJR11.SA","BTGP WEJR   F11","105.82"
"WEST3F.SA","WESTWING    ON      NM","7.60"
"WHRL3F.SA","WHIRLPOOL   ON","4.19"
"WHRL4F.SA","WHIRLPOOL   PN","4.46"
"WIZC3F.SA","WIZ CO      ON      NM","8.62"
"WLMM3F.SA","WLM IND COM ON","23.10"
"WLMM4F.SA","WLM IND COM PN","22.79"
"WRLD11.SA","Investo Ftse Global Equities Etf Fundo De Investimento De Indice Investimento Exterior","129.51"
"XB3011.SA","TREND NTNB30F11","50.19"
"XB3511.SA","TREND NTNB35F11","51.31"
"XB4511.SA","Trend Etf Idex B45 Classe De Indice - Responsabilidade Limitada","49.57"
"XB5011.SA","TREND NTNB50F11","51.15"
"XB6011.SA","TREND NTNB60F11","49.83"
"XBIT11.SA","TREND BTC   CI","36.03"
"XBOV11.SA","CAIXA ETF Ibovespa Fundo de Índice - Cotas Fund","178.40"
"XETH11.SA","TREND ETH   CI","28.81"
"XFIX11.SA","TREND ETF IFIX-L CLASSE DE ÍNDICE - RESPONSABILIDADE LIMITADA","13.59"
"XINA11.SA","Trend Etf Msci China Fundo De Indice","7.47"
"XLPR11.SA","RB Capital Recebaveis Imobiliarios Fundo De Investimento Imobiliario FII","70.20"
"XPCA11.SA","Xp Credito Agricola - Fundo De Investimento Nas Cadeias Produtivas - Fiagro - Imobiliario","8.69"
"XPCI11.SA","Xp Credito Imobiliario ae Fundo De Investimento Imobiliario","83.91"
"XPID11.SA","XP FIC De Fundos Incentivados De Investimento Em Infraestrutura Renda Fixa","52.48"
"XPIE11.SA","XP Infra Fund II Fundo De Investimento Em Participacoes Infraestrutura","54.95"
"XRPH11.SA","Hashdex Nasdaq Xrp Fundo De Indice","11.01"
"YDUQ3F.SA","YDUQS PART  ON      NM","11.19"
"Z2DV34.SA","Ziff Davis, Inc.","15.38"
"Z2IT34.SA","ZoomInfo Technologies Inc.","3.75"
"Z2SC34.SA","Zscaler, Inc.","24.47"
