"symbol","name","price"
"NVDC34.SA","NVIDIA Corporation","19.49"
"AAPL34.SA","Apple Inc.","65.80"
"GOGL34.SA","Alphabet Inc.","126.11"
"GOGL35.SA","Alphabet Inc.","125.47"
"MSFT34.SA","Microsoft Corporation","80.84"
"AMZO34.SA","Amazon.com, Inc.","55.15"
"TSMC34.SA","Taiwan Semiconductor Manufacturing Company Limited","226.70"
"AVGO34.SA","Broadcom Inc.","23.60"
"M1TA34.SA","Meta Platforms, Inc.","110.99"
"TSLA34.SA","Tesla, Inc.","62.82"
"BERK34.SA","Berkshire Hathaway Inc.","124.20"
"WALM34.SA","Walmart Inc.","40.05"
"LILY34.SA","Eli Lilly and Company","161.29"
"EXXO34.SA","Exxon Mobil Corporation","106.37"
"VISA34.SA","Visa Inc.","79.37"
"A1ZN34.SA","AstraZeneca PLC","163.35"
"JNJB34.SA","Johnson & Johnson","83.29"
"ASML34.SA","ASML Holding N.V.","132.50"
"MSCD34.SA","Mastercard Incorporated","84.42"
"COWC34.SA","Costco Wholesale Corporation","127.06"
"MUTC34.SA","Micron Technology, Inc.","331.58"
"ORCL34.SA","Oracle Corporation","127.10"
"CHVX34.SA","Chevron Corporation","106.91"
"NFLX34.SA","Netflix, Inc.","9.63"
"P2LT34.SA","Palantir Technologies Inc.","274.90"
"ABBV34.SA","AbbVie Inc.","67.40"
"A1MD34.SA","Advanced Micro Devices, Inc.","143.31"
"CATP34.SA","Caterpillar Inc.","234.95"
"PGCO34.SA","The Procter & Gamble Company","53.47"
"HOME34.SA","The Home Depot, Inc.","61.79"
"COCA34.SA","The Coca-Cola Company","65.86"
"CSCO34.SA","Cisco Systems, Inc.","85.88"
"L1RC34.SA","Lam Research Corporation","29.99"
"GEOO34.SA","General Electric Company","1,541.18"
"BABA34.SA","Alibaba Group Holding Limited","24.09"
"MRCK34.SA","Merck & Co., Inc.","77.74"
"A1MT34.SA","Applied Materials, Inc.","192.71"
"N1VS34.SA","Novartis AG","79.04"
"H1SB34.SA","HSBC Holdings plc","106.20"
"TMCO34.SA","Toyota Motor Corporation","68.95"
"RYTT34.SA","RTX Corporation","170.34"
"PHMO34.SA","Philip Morris International Inc.","432.42"
"WFCO34.SA","Wells Fargo & Company","104.94"
"G2EV34.SA","GE VERNOVA  DRN ED","240.48"
"UNHH34.SA","UnitedHealth Group Incorporated","20.09"
"T1MU34.SA","T-Mobile US, Inc.","552.72"
"ITLC34.SA","Intel Corporation","40.86"
"IBMB34.SA","International Business Machines Corporation","1,254.96"
"MCDC34.SA","McDonald's Corporation","82.44"
"VERZ34.SA","Verizon Communications Inc.","43.72"
"PEPB34.SA","PepsiCo, Inc.","52.58"
"AXPB34.SA","American Express Company","157.11"
"JPMC34.SA","JPMorgan Chase & Co.","154.30"
"K1LA34.SA","KLA Corporation","2,013.24"
"ATTB34.SA","AT&T Inc.","49.99"
"SAPP34.SA","SAP SE","881.00"
"M1UF34.SA","Mitsubishi UFJ Financial Group, Inc.","89.10"
"AMGN34.SA","Amgen Inc.","65.99"
"NEXT34.SA","NextEra Energy, Inc.","119.27"
"ABTT34.SA","Abbott Laboratories","45.60"
"TMOS34.SA","Thermo Fisher Scientific Inc.","53.32"
"TJXC34.SA","The TJX Companies, Inc.","819.20"
"TEXA34.SA","Texas Instruments Incorporated","68.72"
"GILD34.SA","Gilead Sciences, Inc.","365.30"
"B1PP34.SA","BP p.l.c.","59.53"
"DISB34.SA","The Walt Disney Company","33.26"
"SSFO34.SA","Salesforce, Inc.","42.94"
"A1NE34.SA","Arista Networks, Inc.","174.60"
"SCHW34.SA","The Charles Schwab Corporation","62.29"
"COPH34.SA","ConocoPhillips","59.78"
"I1SR34.SA","Intuitive Surgical, Inc.","122.90"
"BCSA34.SA","Banco Santander, S.A.","58.15"
"N1VO34.SA","Novo Nordisk A/S","23.67"
"A1DI34.SA","Analog Devices, Inc.","849.52"
"A1PH34.SA","Amphenol Corporation","336.51"
"U1BE34.SA","Uber Technologies, Inc.","99.55"
"DEEC34.SA","Deere & Company","101.90"
"BOEI34.SA","The Boeing Company","1,044.44"
"PFIZ34.SA","Pfizer Inc.","35.57"
"BLAK34.SA","BlackRock, Inc.","78.66"
"S2HO34.SA","Shopify Inc.","5.14"
"E1TN34.SA","Eaton Corporation plc","140.34"
"P1DD34.SA","PDD Holdings Inc.","53.00"
"HONB34.SA","Honeywell International Inc.","1,179.72"
"LMTB34.SA","Lockheed Martin Corporation","3,217.08"
"RIOT34.SA","Rio Tinto Group","453.80"
"BKNG34.SA","Booking Holdings Inc.","128.00"
"QCOM34.SA","QUALCOMM Incorporated","56.85"
"ABUD34.SA","Anheuser-Busch InBev SA/NV","61.09"
"W1EL34.SA","Welltower Inc.","515.07"
"H1DB34.SA","HDFC Bank Limited","28.00"
"ULEV34.SA","Unilever PLC","319.04"
"DHER34.SA","Danaher Corporation","35.08"
"LOWC34.SA","Lowe's Companies, Inc.","61.50"
"PETR3.SA","Petróleo Brasileiro S.A. - Petrobras","52.24"
"C1BL34.SA","Chubb Limited","421.83"
"B1TI34.SA","British American Tobacco p.l.c.","60.85"
"D1EL34.SA","Dell Technologies Inc.","959.00"
"G1LW34.SA","Corning Incorporated","765.00"
"BOAC34.SA","Bank of America Corporation","63.48"
"S1YK34.SA","Stryker Corporation","85.50"
"BMYB34.SA","Bristol-Myers Squibb Company","300.08"
"BILB34.SA","Banco Bilbao Vizcaya Argentaria, S.A.","112.97"
"SNEC34.SA","Sony Group Corporation","108.01"
"SPGI34.SA","S&P Global Inc.","59.22"
"P1LD34.SA","Prologis, Inc.","57.00"
"ACNB34.SA","Accenture plc","1,000.00"
"UBSG34.SA","UBS Group AG","198.40"
"INTU34.SA","Intuit Inc.","50.71"
"IBKR34.SA","IB GROUP    DRN","22.44"
"P1GR34.SA","The Progressive Corporation","527.58"
"VRTX34.SA","Vertex Pharmaceuticals Incorporated","595.86"
"PETR4.SA","Petróleo Brasileiro S.A. - Petrobras","47.50"
"P1HC34.SA","Parker-Hannifin Corporation","1,185.17"
"CAON34.SA","Capital One Financial Corporation","474.96"
"MDTC34.SA","Medtronic plc","227.69"
"MOOO34.SA","Altria Group, Inc.","332.41"
"N1EM34.SA","Newmont Corporation","529.20"
"GSGI34.SA","The Goldman Sachs Group, Inc.","147.00"
"N1OW34.SA","ServiceNow, Inc.","10.70"
"H1CA34.SA","HCA Healthcare, Inc.","126.52"
"G1SK34.SA","GSK plc","55.92"
"M1CK34.SA","McKesson Corporation","1,149.97"
"SBUB34.SA","Starbucks Corporation","482.40"
"CHME34.SA","CME Group Inc.","386.28"
"CMCS34.SA","Comcast Corporation","29.95"
"PRXB31.SA","PROSUS N.V. DR1","25.30"
"B1SX34.SA","Boston Scientific Corporation","362.31"
"I1RP34.SA","Trane Technologies plc","1,140.33"
"W1DC34.SA","Western Digital Corporation","1,530.04"
"E1QN34.SA","Equinor ASA","105.65"
"DUKB34.SA","Duke Energy Corporation","670.00"
"NOCG34.SA","Northrop Grumman Corporation","722.02"
"ARNC34.SA","Howmet Aerospace Inc.","1,264.00"
"S1PO34.SA","Spotify Technology S.A.","620.36"
"ADBE34.SA","Adobe Inc.","24.74"
"EQIX34.SA","Equinix, Inc.","63.34"
"GDBR34.SA","General Dynamics Corporation","1,822.00"
"S1TX34.SA","Seagate Technology Holdings plc","2,158.63"
"ITUB3.SA","Itaú Unibanco Holding S.A.","41.99"
"CVSH34.SA","CVS Health Corporation","37.53"
"W1MC34.SA","Waste Management, Inc.","582.00"
"ITUB4.SA","Itaú Unibanco Holding S.A.","43.10"
"W1MB34.SA","The Williams Companies, Inc.","386.88"
"B1AM34.SA","Brookfield Corporation","52.15"
"M1TT34.SA","Marriott International, Inc.","425.70"
"FDXB34.SA","FedEx Corporation","1,863.54"
"Q1UA34.SA","Quanta Services, Inc.","247.50"
"N1GG34.SA","National Grid plc","73.92"
"M1MC34.SA","Marsh & McLennan Companies, Inc.","453.31"
"UPSS34.SA","United Parcel Service, Inc.","32.16"
"MELI34.SA","MercadoLibre, Inc.","71.34"
"BONY34.SA","The Bank of New York Mellon Corporation","615.66"
"FCXO34.SA","Freeport-McMoRan Inc.","99.61"
"J1CI34.SA","Johnson Controls International plc","699.12"
"ADPR34.SA","Automatic Data Processing, Inc.","44.12"
"E1OG34.SA","EOG Resources, Inc.","367.00"
"USBC34.SA","U.S. Bancorp","67.83"
"MCOR34.SA","Moody's Corporation","560.00"
"S1HW34.SA","The Sherwin-Williams Company","164.96"
"SLBG34.SA","SLB N.V.","135.85"
"AIRB34.SA","Airbnb, Inc.","34.35"
"NIKE34.SA","NIKE, Inc.","27.81"
"S1NP34.SA","Synopsys, Inc.","534.12"
"REGN34.SA","Regeneron Pharmaceuticals, Inc.","64.21"
"T1OW34.SA","American Tower Corporation","36.48"
"MMMC34.SA","3M Company","193.33"
"C1DN34.SA","Cadence Design Systems, Inc.","733.49"
"ORLY34.SA","O'Reilly Automotive, Inc.","1.54"
"C1MI34.SA","Cummins Inc.","728.00"
"R1CL34.SA","Royal Caribbean Cruises Ltd.","728.64"
"L1YG34.SA","Lloyds Banking Group plc","26.94"
"KMIC34.SA","Kinder Morgan, Inc.","176.58"
"C1TA34.SA","Cintas Corporation","187.75"
"INGG34.SA","ING Groep N.V.","134.81"
"B1CS34.SA","Barclays PLC","112.53"
"E1CL34.SA","Ecolab Inc.","342.04"
"MDLZ34.SA","Mondelez International, Inc.","148.95"
"VLOE34.SA","Valero Energy Corporation","616.77"
"C1IC34.SA","The Cigna Group","350.65"
"NETE34.SA","NetEase, Inc.","59.03"
"M1NS34.SA","Monster Beverage Corporation","48.09"
"CPRL34.SA","Canadian Pacific Kansas City Limited","103.56"
"GMCO34.SA","General Motors Company","99.50"
"H1LT34.SA","Hilton Worldwide Holdings Inc.","65.77"
"A1ON34.SA","Aon plc","427.57"
"M1PC34.SA","Marathon Petroleum Corporation","1,259.52"
"ROST34.SA","Ross Stores, Inc.","566.26"
"ROXO34.SA","Nu Holdings Ltd.","12.58"
"A1EP34.SA","American Electric Power Company, Inc.","334.95"
"BPAC3.SA","Banco BTG Pactual S.A.","36.25"
"COLG34.SA","Colgate-Palmolive Company","63.71"
"W1BD34.SA","Warner Bros. Discovery, Inc.","142.00"
"T1DG34.SA","TransDigm Group Incorporated","122.71"
"D2AS34.SA","DoorDash, Inc.","53.11"
"L1HX34.SA","L3Harris Technologies, Inc.","459.08"
"E1LV34.SA","Elevance Health, Inc.","310.00"
"TRVC34.SA","The Travelers Companies, Inc.","47.50"
"VALE3.SA","Vale S.A.","79.55"
"R1YA34.SA","Ryanair Holdings plc","40.16"
"A1PD34.SA","Air Products and Chemicals, Inc.","377.35"
"D1LR34.SA","Digital Realty Trust, Inc.","230.69"
"S1RE34.SA","Sempra","125.16"
"T1EL34.SA","TE Connectivity plc","547.56"
"R1EL34.SA","RELX PLC","44.44"
"CNIC34.SA","Canadian National Railway Company","22.12"
"B1KR34.SA","Baker Hughes Company","320.96"
"OXYP34.SA","Occidental Petroleum Corporation","53.92"
"MSBR34.SA","Morgan Stanley","171.14"
"SIMN34.SA","Simon Property Group, Inc.","237.98"
"F1TN34.SA","Fortinet, Inc.","207.16"
"R1IN34.SA","Realty Income Corporation","158.57"
"O1KE34.SA","ONEOK, Inc.","236.15"
"F1AN34.SA","Diamondback Energy, Inc.","504.95"
"B1BT34.SA","Truist Financial Corporation","235.77"
"AZOI34.SA","AutoZone, Inc.","80.17"
"N1WG34.SA","NatWest Group plc","76.56"
"S2NW34.SA","Snowflake Inc.","20.83"
"A1TT34.SA","The Allstate Corporation","45.75"
"C1TV34.SA","Corteva, Inc.","105.51"
"I1FO34.SA","Infosys Limited","34.92"
"D1OM34.SA","Dominion Energy, Inc.","157.92"
"TGTB34.SA","Target Corporation","609.39"
"Z1TS34.SA","Zoetis Inc.","38.20"
"FASL34.SA","Fastenal Company","234.96"
"K1SG34.SA","Keysight Technologies, Inc.","774.54"
"BPAC5.SA","Banco BTG Pactual S.A.","11.63"
"G1WW34.SA","W.W. Grainger, Inc.","138.48"
"EAIN34.SA","Electronic Arts Inc.","527.60"
"A1UT34.SA","Autodesk, Inc.","308.43"
"E1XC34.SA","Exelon Corporation","255.84"
"C1AH34.SA","Cardinal Health, Inc.","1,097.63"
"CTGP34.SA","Citigroup Inc.","99.36"
"X1EL34.SA","Xcel Energy Inc.","201.47"
"A1ME34.SA","AMETEK, Inc.","46.50"
"FDMO34.SA","Ford Motor Company","62.87"
"N1XP34.SA","NXP Semiconductors N.V.","501.99"
"S2EA34.SA","Sea Limited","16.91"
"E1WL34.SA","Edwards Lifesciences Corporation","107.68"
"N1DA34.SA","Nasdaq, Inc.","218.67"
"U1RI34.SA","United Rentals, Inc.","139.43"
"C2OI34.SA","Coinbase Global, Inc.","37.61"
"NOKI34.SA","Nokia Oyj","44.00"
"I1DX34.SA","IDEXX Laboratories, Inc.","602.27"
"METB34.SA","MetLife, Inc.","367.41"
"B1DX34.SA","Becton, Dickinson and Company","164.73"
"D1HI34.SA","D.R. Horton, Inc.","706.89"
"F2NV34.SA","Franco-Nevada Corporation","6.81"
"ABEV3.SA","Ambev S.A.","15.01"
"DEAI34.SA","Delta Air Lines, Inc.","355.95"
"HSHY34.SA","The Hershey Company","227.30"
"D1DG34.SA","Datadog, Inc.","64.13"
"A1RG34.SA","argenx SE","143.22"
"PYPL34.SA","PayPal Holdings, Inc.","11.79"
"A1MP34.SA","Ameriprise Financial, Inc.","590.79"
"C1MG34.SA","Chipotle Mexican Grill, Inc.","8.44"
"AIGB34.SA","American International Group, Inc.","393.12"
"M1SC34.SA","MSCI Inc.","64.49"
"DEOP34.SA","Diageo plc","21.36"
"EBAY34.SA","eBay Inc.","232.81"
"JDCO34.SA","JD.com, Inc.","25.92"
"ARMT34.SA","ArcelorMittal S.A.","138.95"
"I1CE34.SA","Intercontinental Exchange, Inc.","412.00"
"C1BR34.SA","CBRE Group, Inc.","704.37"
"S1YY34.SA","Sysco Corporation","215.83"
"V1TA34.SA","Ventas, Inc.","217.58"
"R1OP34.SA","Roper Technologies, Inc.","184.45"
"BIDU34.SA","Baidu, Inc.","43.08"
"H1EI34.SA","HEICO Corporation","146.30"
"R2BL34.SA","Roblox Corporation","28.62"
"WEGE3.SA","WEG S.A.","48.18"
"N1UE34.SA","Nucor Corporation","71.99"
"O1DF34.SA","Old Dominion Freight Line, Inc.","48.00"
"E1RI34.SA","Telefonaktiebolaget LM Ericsson (publ)","29.58"
"G1FI34.SA","Gold Fields Limited","110.90"
"T1TW34.SA","Take-Two Interactive Software, Inc.","264.43"
"T1SS34.SA","Tenaris S.A.","150.15"
"P1UK34.SA","Prudential plc","38.89"
"X1YZ34.SA","Block, Inc.","12.58"
"L1VS34.SA","Las Vegas Sands Corp.","57.48"
"BBDC4.SA","Banco Bradesco S.A.","19.28"
"BPAC11.SA","Banco BTG Pactual S.A.","56.68"
"BBDC3.SA","Banco Bradesco S.A.","16.69"
"K1BF34.SA","KB Financial Group Inc.","132.65"
"M1CH34.SA","Microchip Technology Incorporated","173.07"
"C1CL34.SA","Carnival Corporation & plc","134.42"
"V1OD34.SA","Vodafone Group Public Limited Company","38.64"
"A1DM34.SA","Archer-Daniels-Midland Company","372.60"
"T1EV34.SA","Teva Pharmaceutical Industries Limited","77.52"
"R1MD34.SA","ResMed Inc.","303.59"
"C1CI34.SA","Crown Castle Inc.","100.95"
"D1VN34.SA","Devon Energy Corporation","263.00"
"C1HT34.SA","Chunghwa Telecom Co., Ltd.","55.96"
"P1DT34.SA","Prudential Financial, Inc.","249.75"
"A1GI34.SA","Agilent Technologies, Inc.","302.05"
"KMBB34.SA","Kimberly-Clark Corporation","521.92"
"GEHC34.SA","GEHEALTHCAREDRN","47.07"
"I1XC34.SA","ORIX Corporation","19.66"
"W1DA34.SA","Workday, Inc.","41.58"
"P1AY34.SA","Paychex, Inc.","237.84"
"HOND34.SA","Honda Motor Co., Ltd.","130.65"
"N1RG34.SA","NRG Energy, Inc.","793.48"
"HALI34.SA","Halliburton Company","201.20"
"E1CO34.SA","Ecopetrol S.A.","38.96"
"O1TI34.SA","Otis Worldwide Corporation","42.80"
"C1PR34.SA","Copart, Inc.","86.49"
"H1PE34.SA","Hewlett Packard Enterprise Company","115.55"
"I1RM34.SA","Iron Mountain Incorporated","524.70"
"F1IS34.SA","Fiserv, Inc.","152.68"
"U1AL34.SA","United Airlines Holdings, Inc.","244.01"
"ITSA4.SA","Itaúsa S.A.","13.69"
"V2EE34.SA","Veeva Systems Inc.","30.89"
"ITSA3.SA","Itaúsa S.A.","13.54"
"EXGR34.SA","Expedia Group, Inc.","611.00"
"D1OW34.SA","Dow Inc.","51.73"
"T1EC34.SA","TechnipFMC plc","368.20"
"STMN34.SA","STMicroelectronics N.V.","164.50"
"I1QV34.SA","IQVIA Holdings Inc.","217.13"
"CHCM34.SA","Charter Communications, Inc.","18.94"
"AXIA6.SA","AXIA Energia SA","64.15"
"SANB11.SA","Banco Santander (Brasil) S.A.","30.12"
"BIIB34.SA","Biogen Inc.","160.16"
"STZB34.SA","Constellation Brands, Inc.","202.41"
"A1WK34.SA","American Water Works Company, Inc.","179.11"
"ELCI34.SA","The Estée Lauder Companies Inc.","15.98"
"KLBN11.SA","Klabin S.A.","19.45"
"C1OG34.SA","Coterra Energy Inc.","181.26"
"BBAS3.SA","Banco do Brasil S.A.","23.86"
"DGCO34.SA","Dollar General Corporation","25.47"
"R1OL34.SA","Rollins, Inc.","282.24"
"F1NI34.SA","Fidelity National Information Services, Inc.","15.64"
"D1EX34.SA","DexCom, Inc.","6.99"
"KHCB34.SA","The Kraft Heinz Company","27.94"
"E1SE34.SA","Eversource Energy","176.00"
"AXIA3.SA","AXIA Energia SA","58.74"
"VIVT3.SA","Telefônica Brasil S.A.","41.32"
"W1RB34.SA","W. R. Berkley Corporation","34.38"
"L1YB34.SA","LyondellBasell Industries N.V.","198.55"
"D1RI34.SA","Darden Restaurants, Inc.","264.94"
"MKLC34.SA","Markel Group Inc.","495.00"
"T1SC34.SA","Tractor Supply Company","13.33"
"U2TH34.SA","United Therapeutics Corporation","143.91"
"P1PG34.SA","PPG Industries, Inc.","279.72"
"S1YF34.SA","Synchrony Financial","347.80"
"O1MC34.SA","Omnicom Group Inc.","198.04"
"E1QR34.SA","Equity Residential","152.14"
"A1VB34.SA","AvalonBay Communities, Inc.","214.80"
"Z1OM34.SA","Zoom Communications, Inc.","16.38"
"C1FI34.SA","CF Industries Holdings, Inc.","665.31"
"L1EN34.SA","Lennar Corporation","478.11"
"U1LT34.SA","Ulta Beauty, Inc.","132.11"
"H1UM34.SA","Humana Inc.","21.40"
"B1NT34.SA","BioNTech SE","28.74"
"NMRH34.SA","Nomura Holdings, Inc.","39.52"
"SANB4.SA","Banco Santander (Brasil) S.A.","15.24"
"A1LB34.SA","Albemarle Corporation","40.03"
"SANB3.SA","Banco Santander (Brasil) S.A.","14.92"
"FSLR34.SA","First Solar, Inc.","512.03"
"M1RN34.SA","Moderna, Inc.","13.75"
"S1OU34.SA","Southwest Airlines Co.","210.99"
"N1TA34.SA","NetApp, Inc.","552.08"
"R1LC34.SA","Ralph Lauren Corporation","907.78"
"SBSP3.SA","Companhia de Saneamento Básico do Estado de São Paulo - SABESP","156.33"
"L1DO34.SA","Leidos Holdings, Inc.","83.18"
"M1DB34.SA","MongoDB, Inc.","64.31"
"C1HR34.SA","C.H. Robinson Worldwide, Inc.","45.50"
"P1KG34.SA","Packaging Corporation of America","557.76"
"I1HG34.SA","InterContinental Hotels Group PLC","116.83"
"T1WL34.SA","Twilio Inc.","26.60"
"E1VR34.SA","Evergy, Inc.","212.46"
"J1BH34.SA","J.B. Hunt Transport Services, Inc.","31.92"
"G1PI34.SA","Global Payments Inc.","91.17"
"S1NA34.SA","Snap-on Incorporated","475.25"
"B1RF34.SA","Broadridge Financial Solutions, Inc.","214.19"
"Z1TO34.SA","ZTO Express (Cayman) Inc.","32.88"
"G1MI34.SA","General Mills, Inc.","186.80"
"I1LM34.SA","Illumina, Inc.","129.11"
"W2ST34.SA","West Pharmaceutical Services, Inc.","35.76"
"L1UL34.SA","lululemon athletica inc.","207.00"
"I1NC34.SA","Incyte Corporation","240.72"
"A1CR34.SA","Amcor plc","206.40"
"T1LK34.SA","Perusahaan Perseroan (Persero) PT Telekomunikasi Indonesia Tbk","47.82"
"I1PC34.SA","International Paper Company","178.58"
"HPQB34.SA","HP Inc.","101.51"
"HSRE11.SA","Hsi Renda Imobiliario - Fundo De Investimento Imobiliario","106.00"
"C1NC34.SA","Centene Corporation","178.00"
"N1VR34.SA","NVR, Inc.","670.50"
"T1AM34.SA","Atlassian Corporation","17.48"
"C1GP34.SA","CoStar Group, Inc.","2.16"
"JBSS32.SA","JBS N.V.","81.80"
"A1KA34.SA","Akamai Technologies, Inc.","51.90"
"B3SA3.SA","B3 S.A. - Brasil, Bolsa, Balcão","18.00"
"W1YC34.SA","Weyerhaeuser Company","121.80"
"Y2PF34.SA","YPF Sociedad Anónima","222.42"
"RDOR3.SA","Rede D'Or São Luiz S.A.","39.42"
"S2UI34.SA","Sun Communities, Inc.","33.49"
"H1II34.SA","Huntington Ingalls Industries, Inc.","28.72"
"AZUL53.SA","AZUL        ON  P   N2","240.00"
"C1HK34.SA","Check Point Software Technologies Ltd.","373.53"
"E1SS34.SA","Essex Property Trust, Inc.","128.83"
"H1TH34.SA","H World Group Limited","64.82"
"APTV34.SA","Aptiv PLC","185.77"
"N1WS35.SA","News Corporation","71.61"
"C1DW34.SA","CDW Corporation","30.54"
"H1AS34.SA","Hasbro, Inc.","260.77"
"W1SO34.SA","Watsco, Inc.","76.00"
"B1SA34.SA","Banco Santander-Chile","84.60"
"A1PA34.SA","APA Corporation","215.46"
"G1PC34.SA","Genuine Parts Company","270.27"
"I1EX34.SA","IDEX Corporation","50.20"
"A1SN34.SA","Ascendis Pharma A/S","76.05"
"R1KU34.SA","Roku, Inc.","25.15"
"O1KT34.SA","Okta, Inc.","20.33"
"M1KC34.SA","McCormick & Company, Incorporated","68.00"
"CLXC34.SA","The Clorox Company","138.00"
"S1NN34.SA","Smith & Nephew plc","34.05"
"H1ST34.SA","Host Hotels & Resorts, Inc.","101.44"
"A1GN34.SA","Allegion plc","380.01"
"N1BI34.SA","Neurocrine Biosciences, Inc.","34.17"
"BBYY34.SA","Best Buy Co., Inc.","318.30"
"BBSE3.SA","BB Seguridade Participações S.A.","34.83"
"H2UB34.SA","HubSpot, Inc.","25.35"
"W1MG34.SA","Warner Music Group Corp.","31.95"
"A1LG34.SA","Align Technology, Inc.","228.62"
"TSNC11.SA","Transinc Fundo","60.00"
"H1RL34.SA","Hormel Foods Corporation","118.44"
"TIMS3.SA","TIM S.A.","27.28"
"P2IN34.SA","Pinterest, Inc.","16.61"
"D2PZ34.SA","Domino's Pizza, Inc.","38.12"
"SUZB3.SA","Suzano S.A.","51.40"
"S1YM34.SA","Gen Digital Inc.","102.19"
"G2DD34.SA","GoDaddy Inc.","44.00"
"U1HS34.SA","Universal Health Services, Inc.","241.75"
"R1DY34.SA","Dr. Reddy's Laboratories Limited","11.82"
"S1KM34.SA","SK Telecom Co., Ltd.","37.40"
"I1VZ34.SA","Invesco Ltd.","126.24"
"A1EG34.SA","Aegon Ltd.","36.56"
"D2KN34.SA","DraftKings Inc.","18.75"
"B1FC34.SA","Brown-Forman Corporation","120.36"
"Z2LL34.SA","Zillow Group, Inc.","19.14"
"K1TC34.SA","KT Corporation","114.17"
"EMBJ3.SA","Embraer S.A.","77.17"
"T2TD34.SA","The Trade Desk, Inc.","1.15"
"PRIO3.SA","Prio S.A.","67.28"
"C2PT34.SA","Camden Property Trust","35.04"
"CPFE3.SA","CPFL Energia S.A.","47.12"
"DVAI34.SA","DaVita Inc.","809.51"
"PSKY34.SA","PARA SKYDNC DRN ED","48.56"
"XPBR31.SA","XP Inc.","103.84"
"W2YF34.SA","Wayfair Inc.","11.67"
"CXSE3.SA","Caixa Seguridade Participações S.A.","17.77"
"EQTL3.SA","Equatorial S.A.","42.21"
"A1ES34.SA","The AES Corporation","74.41"
"B1IL34.SA","Bilibili Inc.","24.78"
"RENT3.SA","Localiza Rent a Car S.A.","47.59"
"R1VT34.SA","Revvity, Inc.","16.00"
"BOXP34.SA","BXP, Inc.","27.84"
"E1DU34.SA","New Oriental Education & Technology Group Inc.","19.44"
"ENEV3.SA","Eneva S.A.","25.22"
"GPSI34.SA","The Gap, Inc.","129.69"
"N1CL34.SA","Norwegian Cruise Line Holdings Ltd.","104.90"
"D2AR34.SA","Darling Ingredients Inc.","37.48"
"CMIG3.SA","Companhia Energética de Minas Gerais - CEMIG","16.60"
"A1DC34.SA","AGREE REALTYDRN","48.65"
"G1DS34.SA","GDS Holdings Limited","23.50"
"D1OC34.SA","DocuSign, Inc.","12.05"
"CPLE3.SA","Companhia Paranaense de Energia - COPEL","15.36"
"B1AX34.SA","Baxter International Inc.","43.36"
"P2CO34.SA","Procore Technologies, Inc.","29.94"
"T1CH34.SA","Bio-Techne Corporation","9.38"
"S1BS34.SA","Sibanye Stillwater Limited","30.84"
"A1TH34.SA","Autohome Inc.","9.21"
"MOSC34.SA","The Mosaic Company","22.60"
"N1OV34.SA","NOV Inc.","102.00"
"RADL3.SA","Raia Drogasil S.A.","24.46"
"J1EF34.SA","Jefferies Financial Group Inc.","202.60"
"E1MN34.SA","Eastman Chemical Company","185.08"
"A1RE34.SA","Alexandria Real Estate Equities, Inc.","60.52"
"M1CB34.SA","Molson Coors Beverage Company","220.00"
"NEOE3.SA","Neoenergia S.A.","33.25"
"U2ST34.SA","Unity Software Inc.","4.64"
"RIGG34.SA","Transocean Ltd.","35.75"
"CMIG4.SA","Companhia Energética de Minas Gerais - CEMIG","12.46"
"M1TC34.SA","Match Group, Inc.","8.21"
"VBBR3.SA","Vibra Energia S.A.","31.72"
"C1AG34.SA","Conagra Brands, Inc.","79.04"
"N1IC34.SA","NICE Ltd.","25.00"
"LBRD34.SA","Liberty Broadband Corporation","21.56"
"EGIE3.SA","Engie Brasil Energia S.A.","32.45"
"AALL34.SA","American Airlines Group Inc.","55.96"
"L1MN34.SA","Lumen Technologies, Inc.","35.83"
"C1NS34.SA","Celanese Corporation","163.19"
"GGBR4.SA","Gerdau S.A.","18.46"
"D2OX34.SA","Amdocs Limited","42.36"
"S2TA34.SA","STAG Industrial, Inc.","37.84"
"T1AL34.SA","TAL Education Group","5.86"
"M1KT34.SA","MarketAxess Holdings Inc.","18.21"
"VLYB34.SA","Valley National Bancorp","62.16"
"P1YC34.SA","Paycom Software, Inc.","20.76"
"M1HK34.SA","Mohawk Industries, Inc.","20.90"
"GGBR3.SA","Gerdau S.A.","16.55"
"C1PB34.SA","The Campbell's Company","109.00"
"C2HD34.SA","Churchill Downs Incorporated","22.60"
"P2LN34.SA","Planet Fitness, Inc.","48.45"
"PSSA3.SA","Porto Seguro S.A.","49.76"
"ENGI3.SA","Energisa S.A.","12.65"
"MOTV3.SA","Motiva Infraestrutura de Mobilidade S.A.","15.73"
"AURA33.SA","Aura Minerals Inc.","124.96"
"RAIL3.SA","Rumo S.A.","16.61"
"UGPA3.SA","Ultrapar Participações S.A.","28.46"
"P2AT34.SA","UiPath, Inc.","7.11"
"L1WH34.SA","Lamb Weston Holdings, Inc.","105.88"
"E2ST34.SA","Elastic N.V.","21.81"
"MBRF3.SA","MBRF Global Foods Company S.A.","19.75"
"W1IX34.SA","Wix.com Ltd.","15.52"
"CMIN3.SA","CSN Mineração S.A.","4.99"
"MACY34.SA","Macy's, Inc.","96.79"
"ENGI4.SA","Energisa S.A.","9.78"
"KLBN4.SA","Klabin S.A.","3.92"
"KLBN3.SA","Klabin S.A.","3.88"
"ENGI11.SA","Energisa S.A.","51.73"
"F1SL34.SA","Fastly, Inc.","15.50"
"K2CG34.SA","Kingsoft Cloud Holdings Limited","12.89"
"ISAE3.SA","ISA Energía Brasil S.A.","34.13"
"CSMG3.SA","Companhia de Saneamento de Minas Gerais","56.60"
"CSAN3.SA","Cosan S.A.","5.43"
"TOTS3.SA","TOTVS S.A.","35.19"
"H1HH34.SA","HOWARD H HLDDRN","42.40"
"B2HI34.SA","BILL Holdings, Inc.","1.11"
"INBR32.SA","Inter & Co, Inc.","44.12"
"B1BW34.SA","Bath & Body Works, Inc.","23.88"
"ISAE4.SA","ISA Energía Brasil S.A.","28.78"
"A1LL34.SA","Bread Financial Holdings, Inc.","100.60"
"W1HR34.SA","Whirlpool Corporation","72.25"
"CGAS5.SA","Companhia de Gás de São Paulo - COMGÁS","133.38"
"W1PP34.SA","WPP plc","16.20"
"CGAS3.SA","Companhia de Gás de São Paulo - COMGÁS","126.00"
"A1AP34.SA","Advance Auto Parts, Inc.","17.16"
"HYPE3.SA","Hypera S.A.","23.34"
"MRSA3B.SA","MRS Logística S.A.","47.65"
"ALUP11.SA","Alupar Investimento S.A.","35.09"
"REDE3.SA","Rede Energia Participações S.A.","6.21"
"I1AC34.SA","IAC Inc.","10.18"
"MULT3.SA","Multiplan Empreendimentos Imobiliários S.A.","31.77"
"MRSA5B.SA","MRS Logística S.A.","46.00"
"MRSA6B.SA","MRS Logística S.A.","44.99"
"LREN3.SA","Lojas Renner S.A.","15.44"
"ALOS3.SA","Allos S.A.","30.28"
"SAPR3.SA","Companhia de Saneamento do Paraná - SANEPAR","9.94"
"WUNI34.SA","The Western Union Company","47.55"
"PAGS34.SA","PagSeguro Digital Ltd.","10.68"
"M2PT34.SA","Medical Properties Trust, Inc.","12.25"
"TAEE4.SA","Transmissora Aliança de Energia Elétrica S.A.","14.37"
"EQPA3.SA","Equatorial Pará Distribuidora de Energia S.A.","6.71"
"E2EF34.SA","Euronet Worldwide, Inc.","2.35"
"A1IV34.SA","Apartment Investment and Management Company","21.32"
"TAEE11.SA","Transmissora Aliança de Energia Elétrica S.A.","42.65"
"IGTI4.SA","Iguatemi S.A.","12.04"
"S1LG34.SA","SL Green Realty Corp.","96.41"
"TAEE3.SA","Transmissora Aliança de Energia Elétrica S.A.","13.93"
"GOLL54.SA","Gol Linhas Aéreas Inteligentes S.A.","11.60"
"NATU3.SA","Natura Cosméticos S.A.","9.90"
"R2HH34.SA","RH","11.69"
"SAPR11.SA","Companhia de Saneamento do Paraná - SANEPAR","43.25"
"ALUP3.SA","Alupar Investimento S.A.","13.13"
"BRKM6.SA","Braskem S.A.","8.11"
"R1HI34.SA","Robert Half Inc.","127.20"
"U1AI34.SA","Under Armour, Inc.","30.00"
"GGPS3.SA","GPS Participações e Empreendimentos S.A.","16.90"
"CEEB3.SA","Companhia de Eletricidade do Estado da Bahia - COELBA","48.00"
"S1RP34.SA","Sarepta Therapeutics, Inc.","5.98"
"SAPR4.SA","Companhia de Saneamento do Paraná - SANEPAR","8.29"
"AURE3.SA","Auren Energia S.A.","11.91"
"BNBR3.SA","Banco do Nordeste do Brasil S.A.","123.00"
"XRAY34.SA","DENTSPLY SIRONA Inc.","60.00"
"SMFT3.SA","Smartfit Escola de Ginástica e Dança S.A.","19.39"
"W1BO34.SA","Weibo Corporation","11.44"
"CEEB5.SA","Companhia de Eletricidade do Estado da Bahia - COELBA","43.00"
"CURY3.SA","Cury Construtora e Incorporadora S.A.","36.54"
"ANCR11.SA","Fundo de Investimento Imobiliário - FII Ancar IC","419.99"
"ASAI3.SA","Sendas Distribuidora S.A.","8.21"
"GOAU4.SA","Metalurgica Gerdau S.A.","8.30"
"H1OG34.SA","Harley-Davidson, Inc.","91.50"
"GOAU3.SA","Metalurgica Gerdau S.A.","8.18"
"ALUP4.SA","Alupar Investimento S.A.","10.89"
"P2EN34.SA","PENN Entertainment, Inc.","7.97"
"GMAT3.SA","Grupo Mateus S.A.","4.62"
"ENMT3.SA","Energisa Mato Grosso - Distribuidora de Energia S/A","48.26"
"G1LP34.SA","Galapagos NV","7.91"
"CYRE3.SA","Cyrela Brazil Realty S.A. Empreendimentos e Participações","28.48"
"F1MC34.SA","FMC Corporation","40.32"
"G1LO34.SA","GLOBANT SA  DRN","11.26"
"J2WA34.SA","John Wiley & Sons, Inc.","38.08"
"EKTR3.SA","Elektro Redes S.A.","50.00"
"P2AX34.SA","Patria Investments Limited","30.12"
"BMEB4.SA","Banco Mercantil do Brasil S.A.","76.77"
"COTY34.SA","Coty Inc.","5.35"
"SLCE3.SA","SLC Agrícola S.A.","18.52"
"BRAP4.SA","Bradespar S.A.","22.48"
"BRAV3.SA","Brava Energia S.A.","18.92"
"CSNA3.SA","Companhia Siderúrgica Nacional","6.60"
"BRKM5.SA","Braskem S.A.","10.94"
"FLRY3.SA","Fleury S.A.","15.73"
"BMEB3.SA","Banco Mercantil do Brasil S.A.","66.15"
"ALPA4.SA","Alpargatas S.A.","12.47"
"USIM5.SA","Usinas Siderúrgicas de Minas Gerais S.A.","6.82"
"USIM3.SA","Usinas Siderúrgicas de Minas Gerais S.A.","6.77"
"A1RC34.SA","ARCO DORADOSDRN","39.00"
"BRAP3.SA","Bradespar S.A.","19.48"
"ALPA3.SA","Alpargatas S.A.","11.94"
"KNCR11.SA","Kinea Rendimentos Imobiliários Fundo de Investimento Imobiliário - FII","104.96"
"N1WL34.SA","Newell Brands Inc.","18.67"
"TTEN3.SA","Três Tentos Agroindustrial S/A","15.65"
"BRSR3.SA","Banco do Estado do Rio Grande do Sul S.A.","18.96"
"POMO4.SA","Marcopolo S.A.","6.22"
"U2PW34.SA","Upwork Inc.","11.76"
"MDIA3.SA","M. Dias Branco S.A. Indústria e Comércio de Alimentos","22.59"
"BRKM3.SA","Braskem S.A.","9.43"
"EKTR4.SA","Elektro Redes S.A.","38.67"
"ODPV3.SA","Odontoprev S.A.","13.55"
"DIRR3.SA","Direcional Engenharia S.A.","14.12"
"KNIP11.SA","Kinea Indices Precos Fundo Investimento Imobiliario - FII","90.81"
"POMO3.SA","Marcopolo S.A.","5.85"
"MGLU3.SA","Magazine Luiza S.A.","8.89"
"BRSR6.SA","Banco do Estado do Rio Grande do Sul S.A.","17.66"
"L1EG34.SA","Leggett & Platt, Incorporated","51.40"
"BRSR5.SA","Banco do Estado do Rio Grande do Sul S.A.","17.00"
"P1RG34.SA","Perrigo Company plc","50.20"
"WHRL4.SA","Whirlpool S.A.","4.48"
"CBAV3.SA","Companhia Brasileira de Alumínio","10.34"
"UNIP3.SA","Unipar Carbocloro S.A.","60.20"
"UNIP5.SA","Unipar Carbocloro S.A.","60.00"
"UNIP6.SA","Unipar Carbocloro S.A.","59.64"
"SMTO3.SA","São Martinho S.A.","20.38"
"ORVR3.SA","Orizon Valorização de Resíduos S.A.","68.41"
"VIVA3.SA","Vivara Participações S.A.","27.58"
"WHRL3.SA","Whirlpool S.A.","4.18"
"I1QY34.SA","iQIYI, Inc.","3.23"
"XPML11.SA","Xp Malls Fundo Investimentos Imobiliarios","107.71"
"COGN3.SA","Cogna Educação S.A.","3.05"
"S2GM34.SA","Sigma Lithium Corporation","18.14"
"FRAS3.SA","Frasle Mobility S.A.","21.70"
"JHSF3.SA","JHSF Participações S.A.","8.93"
"EQMA3B.SA","Equatorial Maranhão Distribuidora de Energia S.A.","35.48"
"ECOR3.SA","EcoRodovias Infraestrutura e Logística S.A.","8.33"
"RAIZ4.SA","Raízen S.A.","0.56"
"CLSC3.SA","Centrais Elétricas de Santa Catarina S.A.","130.00"
"ABCB4.SA","Banco ABC Brasil S.A.","25.66"
"HBSA3.SA","Hidrovias do Brasil S.A.","4.15"
"CLSC4.SA","Centrais Elétricas de Santa Catarina S.A.","146.26"
"VULC3.SA","Vulcabras S.A.","17.60"
"AZZA3.SA","Azzas 2154 S.A.","26.26"
"HGLG11.SA","Cshg Logistica - Fundo De Investimento Imobiliario","155.94"
"T2DH34.SA","Teladoc Health, Inc.","0.98"
"SIMH3.SA","SIMPAR S.A.","11.48"
"EVEB31.SA","EVE BRASIL  DR1","13.86"
"INTB3.SA","Intelbras S.A. - Indústria de Telecomunicação Eletrônica Brasileira","14.90"
"LEVE3.SA","MAHLE Metal Leve S.A.","35.33"
"RIAA3.SA","Guararapes Confecções S.A.","9.57"
"HAPV3.SA","Hapvida Participações e Investimentos S.A.","10.05"
"KNRI11.SA","Kinea Renda Imobiliária Fundo de Investimento Imobiliário","166.39"
"MRVE3.SA","MRV Engenharia e Participações S.A.","8.32"
"DASA3.SA","Diagnósticos da América S.A.","3.67"
"IRBR3.SA","IRB-Brasil Resseguros S.A.","55.52"
"MOVI3.SA","Movida Participações S.A.","13.11"
"BTLG11.SA","BTG Pactual Logística Fundo de Investimento Imobiliário","103.70"
"PGMN3.SA","Empreendimentos Pague Menos S.A.","6.51"
"DXCO3.SA","Dexco S.A.","4.78"
"GRND3.SA","Grendene S.A.","4.78"
"MXRF11.SA","Maxi Renda Fundo De Investimento Imobiliaro - FII","9.80"
"BEEF3.SA","Minerva S.A.","4.16"
"VAMO3.SA","Vamos Locação de Caminhões, Máquinas e Equipamentos S.A.","3.73"
"EZTC3.SA","EZTEC Empreendimentos e Participações S.A.","14.35"
"FESA3.SA","Cia de Ferro Ligas da Bahia S.A. - FERBASA","11.65"
"V1IP34.SA","Vipshop Holdings Limited","40.98"
"RECV3.SA","Petroreconcavo S.A.","13.27"
"TEND3.SA","Construtora Tenda S.A.","31.66"
"IGTI3.SA","Iguatemi S.A.","3.16"
"CEAB3.SA","C&A Modas S.A.","12.41"
"A2FY34.SA","Afya Limited","40.01"
"EMAE4.SA","Empresa Metropolitana de Águas e Energia S.A.","41.73"
"MDNE3.SA","Moura Dubeux Engenharia S.A.","32.96"
"GEPA4.SA","Rio Paranapanema Energia S.A.","35.99"
"LOGN3.SA","Log-In Logística Intermodal S.A.","32.00"
"VISC11.SA","Vinci Shopping Centers Fundo Investimento Imobiliario - Fii","109.94"
"MILS3.SA","Mills Locação, Serviços e Logística S.A.","13.87"
"GEPA3.SA","Rio Paranapanema Energia S.A.","33.00"
"BEES4.SA","Banestes S.A - Banco do Estado do Espírito Santo","8.85"
"BMGB4.SA","Banco BMG S.A.","5.03"
"BEES3.SA","Banestes S.A - Banco do Estado do Espírito Santo","8.68"
"YDUQ3.SA","Yduqs Participações S.A.","11.42"
"HGRU11.SA","Patria Renda Urbana - Fundo De Investimento Imobiliario","128.89"
"XPLG11.SA","Xp Log Fundo Investimento Imobiliario FII","101.00"
"RECR11.SA","Fundo Investimento Imobiliario Fii Ubs (Br) Recebveis Imobiliarios","80.10"
"PINE3.SA","Banco Pine S.A.","12.30"
"PLPL3.SA","Plano & Plano Desenvolvimento Imobiliário S.A.","14.23"
"BHIA3.SA","Grupo Casas Bahia S.A.","3.08"
"C1AB34.SA","Cable One, Inc.","2.45"
"SBFG3.SA","Grupo SBF S.A.","12.25"
"KNHY11.SA","Kinea High Yield Cri Fundo Investimento Imobiliario FII","99.86"
"B2MB34.SA","Bumble Inc.","3.49"
"LAVV3.SA","Lavvi Empreendimentos Imobiliários S.A.","14.23"
"FESA4.SA","Cia de Ferro Ligas da Bahia S.A. - FERBASA","7.93"
"COCE5.SA","Companhia Energética do Ceará - COELCE","31.06"
"AUAU3.SA","Uniao Pet Participacoes S.A.","3.04"
"CPTS11.SA","Capitania Securities II Fundo Investimento Imobiliario FII","7.95"
"HGBS11.SA","HEDGE Brasil Shopping Fundo de Investimento Imobiliário","20.20"
"FIQE3.SA","Unifique Telecomunicações S.A.","6.70"
"GPRK34.SA","GeoPark Limited","49.51"
"TFCO4.SA","Track & Field Co S.A.","16.40"
"BAZA3.SA","Banco da Amazônia S.A.","83.40"
"LOGG3.SA","LOG Commercial Properties e Participações S.A.","28.17"
"LIGT3.SA","Light S.A.","4.70"
"BLAU3.SA","Blau Farmacêutica S.A.","10.05"
"CEBR3.SA","Companhia Energética de Brasília - CEB","31.15"
"CEBR5.SA","Companhia Energética de Brasília - CEB","29.16"
"CSED3.SA","Cruzeiro do Sul Educacional S.A.","6.14"
"CEBR6.SA","Companhia Energética de Brasília - CEB","30.70"
"RANI3.SA","Irani Papel e Embalagem S.A.","9.58"
"PNVL3.SA","Dimed S.A. Distribuidora de Medicamentos","14.75"
"BMOB3.SA","Bemobi Mobile Tech S.A.","25.65"
"ONCO3.SA","Oncoclínicas do Brasil Serviços Médicos S.A.","1.91"
"LWSA3.SA","Locaweb Serviços de Internet S.A.","3.85"
"BSLI3.SA","BRB - Banco de Brasília S.A.","4.31"
"BSLI4.SA","BRB - Banco de Brasília S.A.","4.05"
"DESK3.SA","Desktop S.A.","17.94"
"PVBI11.SA","Fundo De Investimento ImobiliarRio Vbi Prime Properties","76.40"
"AGRO3.SA","BrasilAgro - Companhia Brasileira de Propriedades Agrícolas","20.43"
"CAML3.SA","Camil Alimentos S.A.","5.89"
"HSML11.SA","Hsi Malls Fundo De Investimento Imobiliario","95.23"
"TGMA3.SA","Tegma Gestão Logística S.A.","29.85"
"EUCA4.SA","Eucatex S.A. Indústria e Comércio","20.41"
"KNHF11.SA","Kinea Hedge Fund Fundo De Investimento Imobiliario","98.90"
"JSLG3.SA","JSL S.A.","6.77"
"BTHF11.SA","Btg Pactual Real Estate Hedge Fund Fii Fundo De Investimento Imobiliario","9.30"
"SHUL4.SA","Schulz S.A.","5.36"
"VTRU3.SA","Vitru Educação S.A.","14.25"
"EUCA3.SA","Eucatex S.A. Indústria e Comércio","20.51"
"F2VR34.SA","Fiverr International Ltd.","2.61"
"MATD3.SA","Hospital Mater Dei S.A.","5.61"
"TRXF11.SA","TRX REAL ESTATE FUNDO DE INVESTIMENTO IMOBILIÁRIO - FII","91.63"
"OPCT3.SA","OceanPact Serviços Marítimos S.A.","9.23"
"KNSC11.SA","Kinea Securities Fundo De Investimento Imobiliario – Fii","8.98"
"RZTR11.SA","Fundo De Investimento Imobiliario Riza Terrax","94.41"
"ARML3.SA","Armac Locação, Logística e Serviços S.A.","5.24"
"RAPT3.SA","Randoncorp S.A.","5.18"
"RAPT4.SA","Randoncorp S.A.","5.02"
"TGAR11.SA","Fundo Investimento Imobiliario TG Ativo Real","72.45"
"B2YN34.SA","Beyond Meat, Inc.","3.60"
"KNUQ11.SA","FII KINEA UNCI","104.36"
"ANIM3.SA","Ânima Holding S.A.","4.23"
"VLID3.SA","Valid Soluções S.A.","20.34"
"TUPY3.SA","Tupy S.A.","12.07"
"MCCI11.SA","Fundo De Investimento Imobiliario Maua Capital Recebiveis Imobiliarios","93.28"
"TVRI11.SA","BB Progressivo II Fundo de Investimento Imobiliário - FII","99.21"
"HFOF11.SA","Hedge Top Fofii 3 Fundo Investimento Imobilirio","6.80"
"GGRC11.SA","Ggr Covipe Renda Fundo Investimento Imobiliario","10.16"
"TELB3.SA","Telecomunicações Brasileiras S.A. - Telebras","15.14"
"VILG11.SA","Vinci Logistica Fundo Investimento Imobiliario FII","101.00"
"KEPL3.SA","Kepler Weber S.A.","8.63"
"HGCR11.SA","CSHG Recebiveis Imobiliarios BC Fundo de Investimento Imobiliario - FII","95.85"
"HGRE11.SA","CSHG Real Estate - Fundo de Investimento Imobiliario - FII","124.79"
"OFSA3.SA","Ouro Fino Saúde Animal Participações S.A.","27.39"
"SEQL3.SA","Sequoia Logística e Transportes S.A.","0.25"
"EVEN3.SA","Even Construtora e Incorporadora S.A.","7.25"
"WIZC3.SA","Wiz Co Participações e Corretagem de Seguros S.A.","8.86"
"PMLL11.SA","Patria Malls Fundo De Investimento Imobiliario","107.10"
"TRIS3.SA","Trisul S.A.","5.89"
"MYPK3.SA","Iochpe-Maxion S.A.","9.17"
"JSRE11.SA","JS Real Estate multigestão - FII fund","66.11"
"SEER3.SA","Ser Educacional S.A.","10.75"
"BGIP3.SA","Banco do Estado de Sergipe S.A.","61.30"
"BRST3.SA","BRISANET    ON      NM","2.97"
"ALZR11.SA","Alianza Trust Renda Imobiliaria Fundo Investimento Imobiliario","10.55"
"BRCR11.SA","Fundo de Investimento Imobiliário - FII BTG Pactual Corporate Office Fund","46.84"
"FPNG11.SA","Fundo Investimento Imobiliario Pedra Negra Renda Imobiliaria","465.05"
"VRTA11.SA","Fator Veritá Fundo de Investimento Imobiliário - FII","77.54"
"PCAR3.SA","Companhia Brasileira De Distribuicao","2.42"
"VCJR11.SA","Vectis Juros Real Fundo De Investimento Imobiliario - Fii","80.21"
"VGHF11.SA","Valora Hedge Fund Fundo De Investimento Imobiliario - Fii","7.09"
"HSLG11.SA","Hsi Logistica Fundo De Investimento Imobiliario","91.21"
"CVCB3.SA","CVC Brasil Operadora e Agência de Viagens S.A.","2.17"
"VGIR11.SA","Valora Re III Fundo De Investimento Imobiliario","9.75"
"TELB4.SA","Telecomunicações Brasileiras S.A. - Telebras","9.20"
"PRNR3.SA","Priner Serviços Industriais S.A.","19.32"
"MLAS3.SA","Grupo Multi S.A.","1.35"
"GARE11.SA","Guardian Logistica Fundo De Investimento Imobiliario","8.38"
"MCRE11.SA","Maua Capital Real Estate Fundo De Investimento Imobiliario","9.43"
"GSFI11.SA","General Shopping E Outlets Do Brasil Fundo De Investimento Imobiliario FII","10.88"
"JALL3.SA","Jalles Machado S/A","3.46"
"RJDA11.SA","Rjdi Fundo De Investimento Imobiliario Resp Limitada","115.00"
"AMER3.SA","Americanas S.A.","5.15"
"GTWR11.SA","Fundo Investimento Imobiliario Green Towers","84.75"
"SOJA3.SA","Boa Safra Sementes S.A.","6.85"
"PATI4.SA","Panatlântica S.A.","34.50"
"RBRX11.SA","Rbr Alpha Plus Multiestrategia Real Estate Fundo De Investimento Imobiliario","8.64"
"GZIT11.SA","Gazit Malls Fundo De Investimento Imobiliario","44.89"
"BIOM3.SA","Biomm S.A.","7.16"
"XRXB34.SA","Xerox Holdings Corporation","7.53"
"ALPK3.SA","Allpark Empreendimentos, Participações e Serviços S.A.","4.41"
"VGIP11.SA","Valora Cri Indice De Preco Fundo De Investimento Imobiliario","79.61"
"PCIP11.SA","Fundo De Investimento Imobiliario VBI Credito","85.21"
"PFRM3.SA","Profarma Distribuidora de Produtos Farmacêuticos S.A.","7.58"
"BTCI11.SA","Fundo Infestimento Imobiliario Btg Pactual Credito Imobiliario","9.19"
"DEXP4.SA","Dexxos Participações S.A.","7.23"
"DEXP3.SA","Dexxos Participações S.A.","7.10"
"BGIP4.SA","Banco do Estado de Sergipe S.A.","36.10"
"LAND3.SA","Terra Santa Propriedades Agrícolas S.A.","8.49"
"SCAR3.SA","São Carlos Empreendimentos e Participações S.A.","14.22"
"WLMM4.SA","WLM Participações e Comércio de Máquinas e Veículos S.A.","22.35"
"PATI3.SA","Panatlântica S.A.","34.00"
"PEAB4.SA","Companhia de Participações Aliança da Bahia","41.96"
"PQAG11.SA","Rb Capital Anhanguera Fundo De Investimento Imobiliario","54.21"
"TASA4.SA","Taurus Armas S.A.","5.38"
"CSUD3.SA","CSU Digital S.A.","17.93"
"RZAK11.SA","Riza Akin Fundo De Investimento Imobiliario – FII","84.16"
"ALLD3.SA","Allied Tecnologia S.A.","7.65"
"KORE11.SA","Kinea Oportunidades Real Estate Fundo De Investimento Imobiliario","75.40"
"TASA3.SA","Taurus Armas S.A.","5.41"
"SYNE3.SA","Syn Prop & Tech S.A.","4.73"
"MELK3.SA","Melnick Desenvolvimento Imobiliário S.A.","3.47"
"PEAB3.SA","Companhia de Participações Aliança da Bahia","39.00"
"RZZR11.SA","Raizz Renda Logistica Fundo de Investimento Imobiliario","137.00"
"BROF11.SA","Brpr Corporate Offices Fundo De Investimento Imobiliario","60.73"
"BBIG11.SA","Bb Premium Malls Fundo De Investimento Imobiliário De Responsabilidade Limitada","7.04"
"BPML11.SA","Fundo De Investimento Imobiliario BTG Pactual Shoppings","92.30"
"ROMI3.SA","Romi S.A.","7.25"
"PINE4.SA","Banco Pine S.A.","12.10"
"CPUR11.SA","Capitania HBC Renda Urbana Fundo De Investimento Imobiliario","10.37"
"TKNO4.SA","Tekno S.A. Indústria e Comércio","222.00"
"TRXB11.SA","Trx Real Estate II Fundo De Investimento Imobiliario - Fii","185.00"
"CGRA3.SA","Grazziotin S.A.","26.70"
"VITT3.SA","Vittia S.A.","4.23"
"CGRA4.SA","Grazziotin S.A.","26.30"
"RBRL11.SA","RBR Log FII","91.28"
"AALR3.SA","Alliança Saúde e Participações S.A.","4.00"
"TRBL11.SA","SDI Logística Rio - Fundo de Investimento Imobiliário - FII","78.03"
"JSAF11.SA","Js Ativos Financeiros Fundo De Investimento Imobiliario","7.74"
"GPRO34.SA","GoPro, Inc.","3.64"
"QUAL3.SA","Qualicorp Consultoria e Corretora de Seguros S.A.","2.08"
"KFOF11.SA","Kinea Fundo Fundos De Investimento Imobiliario FII","84.05"
"POSI3.SA","Positivo Tecnologia S.A.","4.17"
"CRPG5.SA","Tronox Pigmentos do Brasil S.A.","17.95"
"SHPH11.SA","FDO INV Imob Shopping Patio Higienopolis","928.00"
"BTAL11.SA","FII Btg Pactual Agro Logistica","90.31"
"ITRI11.SA","Itau Total Return Fundo De Investimento Imobiliario","85.80"
"MTSA4.SA","METISA Metalúrgica Timboense S.A.","62.60"
"BTSI11.SA","Btsp II Fundo De Investimento Imobiliario - Fii","108.00"
"RPAD5.SA","Alfa Holdings S.A.","6.15"
"RCRB11.SA","Fundo de Investimento Imobiliário Rio Bravo Renda Corporativa","140.84"
"TECN3.SA","Technos S.A.","8.40"
"XPIN11.SA","Xp Industrial Fundo Investimento Imobiliario","70.00"
"NVHO11.SA","Fundo De Investimento Imobiliario Novo Horizonte","11.82"
"CCME11.SA","Canuma Capital Multiestrategia Fundo De Investimento Imobiliario","8.88"
"RPAD3.SA","Alfa Holdings S.A.","5.60"
"RPAD6.SA","Alfa Holdings S.A.","5.51"
"HCTR11.SA","Fundo De Investimento Imobiliario Hectare Ce","21.08"
"AMOB3.SA","Automob Participações S.A.","12.15"
"OIBR4.SA","Oi S.A.","1.42"
"AMAR3.SA","Marisa Lojas S.A.","0.88"
"MCLO11.SA","FII MCLO    CI","10.08"
"PTBL3.SA","PBG S.A.","3.19"
"AFLT3.SA","Afluente Transmissão de Energia Elétrica S.A.","7.12"
"HREC11.SA","Hedge Recebiveis Fundo De Investimento Imobiliario","8.50"
"TRNT11.SA","Fundo de Investimento Imobiliário - FII Torre Norte","111.23"
"AMBP3.SA","Ambipar Participações e Empreendimentos S.A.","0.26"
"AFHI11.SA","Af Invest Cri Fundo De Investimento Imobiliario - Recebiveis Imobiliarios","94.79"
"FCFL11.SA","Fundo De Investimento Imobiliario Campus Faria Lima - Inicio De Negociacao","124.10"
"CASH3.SA","Méliuz S.A.","3.76"
"RNEW4.SA","Renova Energia S.A.","1.08"
"LJQQ3.SA","Lojas Quero-Quero S.A.","2.05"
"ESPA3.SA","MPM Corpóreos S.A.","1.18"
"CPLG11.SA","Capitania Logistica Fundo De Investimento Imobiliario - FII","12.08"
"VINO11.SA","Vinci Corporate Fundo De Investimento Imobiliario","5.05"
"RNEW3.SA","Renova Energia S.A.","1.12"
"PTNT4.SA","Pettenati S.A. Industria Têxtil","8.68"
"URPR11.SA","Urca Prime Renda Fundo De Investimento Imobiliario - FII","35.51"
"PTNT3.SA","Pettenati S.A. Industria Têxtil","8.65"
"CAMB3.SA","Cambuci S.A.","9.70"
"VVEO3.SA","CM Hospitalar S/A","1.28"
"BCRI11.SA","Banestes Recebiveis Imobiliarios Fundo Investimento Imobiliario FII","63.84"
"VSTE3.SA","Veste S.A. Estilo","3.49"
"MTRE3.SA","Mitre Realty Empreendimentos e Participações S.A.","3.75"
"CLIN11.SA","Clave Indices De Precos Fundo De Investimento Imobiliario","91.00"
"HTMX11.SA","FD Invest Imob Hotel Maxinvest","136.70"
"HLOG11.SA","Hedge Logistica Fundo Investimento Imobiliario","9.20"
"RZAT11.SA","Riza Arctium Real Estate Fundo De Investimento Imobiliario","90.77"
"TEPP11.SA","SDI Properties Fundo De Investimento Imobiliario","9.02"
"ICRI11.SA","FII CI IPCA CI","97.53"
"RSUL4.SA","Metalúrgica Riosulense S.A.","61.71"
"ABCP11.SA","FII ABC Plaza Shopping Fund","79.40"
"SNCI11.SA","Suno Recebiveis Imobiliarios Fundo De Investimento Imobiliario","89.00"
"RINV11.SA","Real Investor Fundo De Investimento Imobiliario Responsabilidade Limitada","108.62"
"HBOR3.SA","Helbor Empreendimentos S.A.","2.68"
"BCIA11.SA","Bradesco Carteira Imobiliaria Ativa Fundos de Investimento Imobiliario","95.50"
"BOBR4.SA","Bombril S.A.","1.36"
"IBBP11.SA","Invista Brazilian Business Park Fundo De Investimento Imobiliario","8.15"
"MANA11.SA","Manati Capital Hedge Fund Fundo De Investimento Imobiliario","9.28"
"VRTM11.SA","FII VRTM    CI","7.34"
"LASC11.SA","Legatus Shoppings Fundo De Investimento Imobiliario - FII","116.50"
"EALT4.SA","Electro Aço Altona S.A.","14.15"
"PLAG11.SA","Vbi Agro - Fundo De Investimento Imobiliario","64.19"
"DEVA11.SA","Devant Recebiveis Imobiliarios Fundo De Investimento Imobiliario","23.86"
"PATL11.SA","Patria Logistica Fundo De Investimento Imobiliario","67.05"
"TOPP11.SA","Rbr Top Offices Fundo De Investimento Imobiliario Responsabilidade Limitada","73.90"
"HBTS5.SA","Companhia Habitasul de Participações","35.89"
"DMVF3.SA","d1000 Varejo Farma Participações S.A.","6.43"
"MFII11.SA","Mérito Desenvolvimento Imobiliário I FII - Fundo de Investimento Imobiliário","73.00"
"INLG11.SA","Inter Logistico Fundo De Investimento Imobiliario - FII","71.71"
"KCRE11.SA","Kinea Creditas Fundo De Investimento Imobiliario - FII","8.91"
"CPOF11.SA","Capitania Office Properties FII - Fundo De Investimento Imobiliario","110.00"
"JCCJ11.SA","FOF JHSF Capital Fundo De Investimento Imobiliario","189.90"
"FIIB11.SA","Real Estate Investment Fund Industry in Brazil","462.46"
"PORD11.SA","Polo Fundo de Investimento Imobiliário - Recebíveis Imobiliários II - FII","8.44"
"EALT3.SA","Electro Aço Altona S.A.","13.90"
"FATN11.SA","BRC Renda Corporativa FII - FII Athena I","86.19"
"KISU11.SA","Kilima Fundo De Investimento Em Cotas De Fundos Imobiliarios Suno 30","7.03"
"JASC11.SA","Jasc Renda Varejo Essencial Fundo De Investimento Imobiliario - FII","88.98"
"HPDP11.SA","Hedge Real Estate I Fundo De Investimento Imobliario","94.20"
"HBRE3.SA","HBR Realty Empreendimentos Imobiliários S.A.","2.99"
"LIFE11.SA","Life Capital Partners Fundo De Investimentos Imobiliarios","8.90"
"TPIS3.SA","Triunfo Participações e Investimentos S.A.","6.83"
"MEAL3.SA","International Meal Company Alimentação S.A.","1.03"
"RPRI11.SA","RBR Premium Recebiveis Imobiliarios Fundo De Investimento Imobiliario","84.88"
"WHGR11.SA","Whg Real Estate Fundo De Investimento Imobiliario – Fii","9.52"
"VGRI11.SA","Valora Renda Imobiliaria Fundo De Investimento Imobiliario - Responsabilidade Limitada","8.40"
"SNFF11.SA","Suno Fundo De Fundos De Investimento Imobiliario","73.07"
"HABT11.SA","Habitat Ii - Fundo De Investimento Imobiliario","76.31"
"MNPR3.SA","Minupar Participações S.A.","4.11"
"NEWL11.SA","Newport Logastica Fundo De Investimento Imobiliario","103.04"
"AIEC11.SA","Autonomy Edifícios Corporativos Fundo de Investimento Imobiliario","59.64"
"CXCO11.SA","Fundo De Investimento Imobiliario Caixa Imoveis Corporativos","72.37"
"CTKA4.SA","Karsten S.A.","44.40"
"OUJP11.SA","Ourinvest Jpp Fundo Investimento Imobiliario - Fii","85.81"
"DOHL4.SA","Döhler S.A.","3.60"
"BTYU11.SA","FII BTYU    CI  ER","8.97"
"NGRD3.SA","Neogrid Participações S.A.","29.15"
"AJFI11.SA","Capitania Malls Fundo De Investimento Imobiliario","8.21"
"PQDP11.SA","Parque Dom Pedro Shopping Center Fund","2,417.00"
"DAMT11.SA","Diamante Fundo Investimento Imobiliario","14.05"
"ETER3.SA","Eternit S.A.","4.02"
"NSLU11.SA","Hospital Nossa Senhora De Lourde Fund","191.40"
"ENJU3.SA","Enjoei S.A.","1.18"
"LPSB3.SA","LPS Brasil - Consultoria de Imóveis S.A.","1.74"
"VVMR11.SA","FII MULT RENCI  EA","84.97"
"AROA11.SA","FII AROA    CI","1.16"
"FHER3.SA","Fertilizantes Heringer S.A.","4.32"
"BTRA11.SA","Fundo De Investimento Imobiliario Btg Pactual Terras Agricolas","67.40"
"APXM11.SA","Fundo De Investimento Imobiliario Apex Malls - FII","79.99"
"HBCR11.SA","Fundo De Investimento Imobiliario Hbc Renda Urbana","137.96"
"AHEB3.SA","São Paulo Turismo S.A.","25.00"
"GRUL11.SA","Icatu Vanguarda Gru Logistico Fundo De Investimento Imobiliario Responsabilidade Limitada","8.60"
"BGRB11.SA","FII BGRB    CI","108.90"
"FLMA11.SA","Unitas DTVM S.A.","150.00"
"BALM4.SA","Baumer S.A.","20.97"
"VXXV11.SA","VX XVI - Fundo De Investimento Imobiliario","740.00"
"MIDW11.SA","Midway Mall Fundo De Investimento ImobiliaRio Responsabilidade Limitada","10.67"
"HSAF11.SA","Hsi Ativos Financeiros Fundos Investimentos Imoliarios","79.62"
"CJCT11.SA","Cidade Jardim Continental Tower Fundo De Investimento Imobiliario","63.99"
"TJKB11.SA","Tjk Renda Imobiliaria Fundo De Investimento Imobiliario","261.52"
"GAME11.SA","Fundo De Investimento Imobiliario Guardian Multiestrategia Imobiliaria I","8.88"
"HAAA11.SA","Hedge Aaa Fundo De Investimento Imobiliario","55.57"
"MCEM11.SA","FII MCEM    CI","64.62"
"BLOG11.SA","FII BLOG    CI","7.51"
"JSCR11.SA","FII JSCR    CI","8.29"
"FVPQ11.SA","FVPQ - Fii V Parque","65.35"
"BMKS3.SA","Bicicletas Monark S.A.","385.82"
"LPLP11.SA","FII LAGO PDRCI","300.00"
"MNDL3.SA","Mundial S.A. - Produtos de Consumo","17.50"
"LUXM4.SA","Trevisa Investimentos S.A.","4.08"
"SPXS11.SA","Fundo De Investimento Imobiliario - Spx Syn Multiestrategia","8.38"
"SNEL11.SA","Fundo De Investimento Imobiliario Suno Energias Limpas","8.55"
"BBRC11.SA","BB Renda Corporativa Fundo de Investimento Imobiliário - FII","105.70"
"BIED3.SA","Bahema Educação S.A.","6.28"
"BLUE11.SA","FII BLUE    CI","188.00"
"CXAG11.SA","Fundo De Investimento Imobiliario Caixa Agencias","78.19"
"G2DI33.SA","G2D Investments, Ltd.","1.40"
"GLPF11.SA","Galapagos Feeder Logistico Fundo De Investimento ImobiliãRio Responsabilidade Limitada","106.55"
"VSHO11.SA","FII Votorantim shopping","76.02"
"WDCN3.SA","WDC NETWORKSON      NM","2.51"
"VPPR11.SA","Xp Properties Fundo De Investimento Imobiliario","21.55"
"RDLI11.SA","FII RDLI    CI","94.00"
"ALZC11.SA","Alianza Crédito Imobiliário Fundo De Investimento Imobiliário","7.77"
"VIUR11.SA","Vinci Imoveis Urbanos Fundo De Investimento Imobiliario","5.75"
"AERI3.SA","Aeris Indústria e Comércio de Equipamentos para Geração de Energia S.A.","2.51"
"FPAB11.SA","Fundo de Investimento Imobiliário Projeto Água Branca","204.00"
"RCSL3.SA","Recrusul S/A","0.71"
"BLCA11.SA","Bluemacaw Catuai Triple A Fundo De Investimento Imobiliario","95.00"
"RBHY11.SA","Rio Bravo Credito Imobiliario High Yield Fundo De Investimento Imobiliario - FII","80.00"
"CXCI11.SA","Fundo De Investimento Imobiliario Caixa Carteira Imobiliaria","73.38"
"RBHG11.SA","Rio Bravo Credito Imobiliario IV Fundo De Investimento Imobiliario - FII","69.45"
"RCSL4.SA","Recrusul S/A","1.03"
"FLRP11.SA","Fundo de Investimento Imobiliário - FII Floripa Shopping","20.81"
"VVCO11.SA","XTED - TRX Edificios Corporativos Fundo Invest Imobiliario FII Fund","14.94"
"CYCR11.SA","Cyrela Credito - Fundo De Investimento Imobiliario","9.06"
"BLMG11.SA","Bluemacaw Logastica Fundo De Investimento ImobiliaRio","33.83"
"KIVO11.SA","Kilima Volkano Recebiveis Imobiliarios Fundo De Investimento Imobiliario","64.30"
"ARRI11.SA","Fundo De Investimento Imobiliario Atrio Reit Recebiveis Imobiliarios","6.89"
"FIGS11.SA","Fundo de Investimento Imobiliário General Shopping Ativo e Renda - FII","49.99"
"SAPI11.SA","Santander Títulos Imobiliarios Fundo De Investimento Imobiliario","9.18"
"GSRF11.SA","GALAPAGOS SP SURF FUNDO DE INVESTIMENTO IMOBILIÁRIO RESPONSABILIDADE LIMITADA","108.35"
"RPMG3.SA","Refinaria de Petróleos de Manguinhos S.A.","2.08"
"AZPL11.SA","FII AZPL    CI","7.68"
"RNGO11.SA","Fundo de Investimento Imobiliário Rio Negro","51.29"
"AZEV3.SA","Azevedo & Travassos S.A.","0.23"
"RBIR11.SA","Rb Capital Desenvolvimento Residencial IV Fundo De Investimento Imobiliario - FII","88.90"
"ADMF3.SA","CIABRASF - Cia. Brasileira de Serviços Financeiros S/A","23.00"
"VCRI11.SA","Vinci Credit Securities Fundo De Investimento Imobiliario","7.53"
"PATC11.SA","Patria Edificios Corporativos Fundo Investimento Imobiliario Fii","38.35"
"SOND6.SA","Sondotécnica Engenharia de Solos S.A.","53.76"
"FAMB11.SA","Fundo de Investimento Imobiliario Edificio Almirante Barroso","1,058.00"
"VCRR11.SA","Vectis Renda Residencial Fundo De Investimento Imobiliario","64.46"
"FYTO11.SA","Fii Nch Brasil Recebiveis Imobiliarios Para Fii Fyto Recebiveis Imob","8.41"
"AVLL3.SA","Alphaville S.A.","0.65"
"PDTC3.SA","Padtec Holding S.A.","1.58"
"EURO11.SA","Coinvalores Dtvm Ltda.","327.01"
"FIIP11.SA","FII RB CAP ICI","134.79"
"HGBL11.SA","FII HGBL    CI","9.25"
"HOOT4.SA","Hotéis Othon S.A.","6.71"
"IFCM3.SA","Infracommerce CXaaS S.A.","0.94"
"IRIM11.SA","Iridium Fundo De Investimento Imobiliario","63.51"
"PMIS11.SA","Paramis Hedge Fund Fundo De Investimento Imobiliario - Fii","8.22"
"HOFC11.SA","Hedge Office Income Fundo De Investimento Imobiliario","31.76"
"ICNE11.SA","FII ICNE    CI  ERA","1,000.00"
"RSPD11.SA","RB Capital Desenvolvimento Residencial III Fundo De Investimento Imobillario - FII","800.50"
"RELG11.SA","Fundo De Investimento Imobiliario Rec Logistaca","63.18"
"WTSP11.SA","Fundo De Investimento Imobiliario Ourinvest Re I","64.00"
"STYI11.SA","Strivo Yield Fundo De Investimento Imobiliario Responsabilidade Limitada","1,344.00"
"ZAVI11.SA","Zavit Real Estate Fund Fundo De Investimento Imobiliario","9.73"
"HJCT11.SA","FII HJCT    CI","115.00"
"FAED11.SA","Fundo de Investimento Imobiliário - FII Anhanguera Educacional","163.35"
"MAGM11.SA","FII MAGM    CI  ER","10.00"
"HUCG11.SA","Fundo De Investimento Imobiliario Hospital Unimed Campina Grande","98.99"
"FISC11.SA","Fundo De Investimento Imobiliário SC  401","65.00"
"BIPD11.SA","Brio Real Estate IV - Fundo De Investimento Imobiliario - Fund","989.33"
"AZEV4.SA","Azevedo & Travassos S.A.","0.18"
"AZTE3.SA","Azevedo & Travassos Energia S.A.","0.31"
"UCAS3.SA","Unicasa Indústria de Móveis S.A.","1.59"
"ATSA11.SA","Cshg Atrium Shopping Santo Andr Fundo De Investimento Imobilirio Fii","57.79"
"GLCR11.SA","FII GLCR    CI  ER","100.17"
"BMLC11.SA","Fundo de Investimento Imobiliário Rio Bravo Renda Corporativa","100.00"
"CEDO3.SA","Companhia de Fiação e Tecidos Cedro e Cachoeira S.A.","9.85"
"GCRI11.SA","Galapagos Recebiveis Imobiliarios Fundo De Investimento Imobiliario","67.09"
"ARND3.SA","Arandu Investimentos S.A.","0.69"
"TCSA3.SA","Tecnisa S.A.","1.32"
"HCHG11.SA","Hectare Recebiveis High Grade Fundo De Investimento Imobiliario  Fii","80.10"
"EQIR11.SA","Eqi Recebiveis Imobiliarios Fundo De Investimento Imobiliario","8.61"
"NEWU11.SA","Renda de Escritorios Fundo de Investimento Imobiliario - Cotas Fundo","104.50"
"KEVE11.SA","Even II Kinea Fundo De Investimento Imobiliario","630.00"
"SEQR11.SA","Sequoia III Renda Imobiliaria - Fundo De Investimento Imobiliaria","55.16"
"TRAD3.SA","TC S.A.","2.31"
"RBRI11.SA","Fundo De Investimento Imobiliario - FII RBR Desenvolvimento III","649.00"
"LMAI11.SA","Domo Fundo de Investimento Imobiliário - FII","37.00"
"JFLL11.SA","JFL Living Fundo De Investimento Imobiliario","59.80"
"BRIP11.SA","Brio Real Estate III - Fundo De Investimento Imobiliario","416.11"
"EGDB11.SA","FII EGDB    CI","1,216.20"
"BMIN4.SA","Banco Mercantil de Investimentos S.A.","18.25"
"CEDO4.SA","Companhia de Fiação e Tecidos Cedro e Cachoeira S.A.","8.00"
"INRD11.SA","Inter Residence Fundo DE Investimento Imobiliario FII","77.50"
"BLMO11.SA","Bluemacaw Office Fund Ii - Fundo De Investimento Imobiliario","87.80"
"TOKY3.SA","GRUPO TOKY  ON      NM","0.40"
"WEST3.SA","Westwing Comércio Varejista S.A.","7.65"
"TMPS11.SA","Itau Tempus Fundo De Investimento Imobiliario","85.87"
"ZAGH11.SA","Zagros Multiestrategia Fundo De Investimento Imobiliario","9.44"
"HDEL11.SA","Hedge Desenvolvimento Logistico Fundo De Investimento Imobiliario","99.45"
"RBRS11.SA","Rio Bravo Renda Residencial Fundo De Investimentos Imobiliario","47.88"
"CEOC11.SA","Fundo de Investimento Imobiliário FII CEO Cyrela Fund","43.65"
"FIGE3.SA","Investimentos Bemge S.A.","33.00"
"JPPA11.SA","JPP Capital Recebíveis Imobiliários Fundo de Investimento Imobiliário","86.03"
"RBRD11.SA","RB Capital Renda II Fundo de Investimento Imobiliário - FII","40.95"
"CXCE11.SA","Fundo de Investimento Caixa Cedae","42.99"
"LRDI11.SA","FII LEBLON  CI  ER","198.00"
"SPTW11.SA","Sp Downtown Fundo de Investimento Imobiliário - FII","40.49"
"PMAM3.SA","Paranapanema S.A.","0.52"
"SNME11.SA","Suno Multiestrategia Fundo De Investimento Imobiliario","9.65"
"ARXD11.SA","Arx Dover Recebiveis Fundo De Investimento Imobiliario","7.90"
"VOTS11.SA","Votorantim Securities Master Fundo Investimento Imobiliario Fii","85.48"
"MAXR11.SA","Fundo De Investimentos Imobiliarios - Max Ret","61.90"
"ALMI11.SA","Fundo De Investimento Imobiliario Torre Almirante","620.00"
"EXES11.SA","Exes Fundo De Investimento Imobiliario","9.24"
"ITIT11.SA","Ifi E Inter Fundo De Investimento Imobiliario","72.84"
"DVFF11.SA","Fundo De Investimento Imobiliario - Devant Fundo De Fundos Imobiliarios","5.83"
"INEP3.SA","Inepar S.A. Indústria e Construções","1.27"
"ERPA11.SA","Europa 105 Fundo Investimento Imobiliario","126.10"
"FLCR11.SA","Faria Lima Capital Recebiveis Imobiliarios I FII","95.03"
"VSLH11.SA","Versalhes Recebiveis Imobiliarios - Fundo De Investimento Imobiliario","1.99"
"OIBR3.SA","Oi S.A.","0.18"
"GFDL11.SA","FII GFDL    CI","112.54"
"HCRI11.SA","Fundo de Investimento Imobiliário - FII Hospital da Criança","283.91"
"INEP4.SA","Inepar S.A. Indústria e Construções","1.24"
"WPLZ11.SA","Fundo Investec IMB Shopping West Plaza Fund","50.00"
"CBOP11.SA","Castello Branco Off Park Fund In Im","39.00"
"LSOP11.SA","FII LSOP    CI","10.48"
"CNES11.SA","Fundo De Investimento Imobiliario Bm Cenesp - Fii - Inicio De Negociacao","1.59"
"GLOG11.SA","Genial Logistica Fundo De Investimento Imobiliario","71.39"
"CRFF11.SA","Caixa Rio Bravo Fundo De Fundos De Investimento Imobiliario II-Cotas","77.42"
"EDGA11.SA","Fundo de Investimento Imobiliario - FII Edificio Galeria","13.99"
"ATED3.SA","ATOM EDUC   ON","2.27"
"NAUI11.SA","Ten Desenvolvimento Fundo De Investimento Imobiliario","984.02"
"EMET11.SA","Emet Multiestrategia Fundo De Investimento I Mobiliario Responsabilidade Limitada","10.00"
"PDBM11.SA","FII PDBM    CI  ER","115.00"
"RZLC11.SA","FII RZLC    CI","1,010.69"
"MWET4.SA","Wetzel S.A.","24.50"
"PLAS3.SA","Plascar Participações Industriais S.A.","3.99"
"IBCR11.SA","Fundo De Investimento Imobiliario De Cri Integral Brei","50.94"
"EPAR3.SA","Embpar Participacoes S.A.","3.21"
"ITIP11.SA","Ifi D Inter Fundo De Investimento Imobiliario","63.18"
"NAVT11.SA","Navi Imobiliario Total Return Fundos De Investimento Imobiliario","76.88"
"HOSI11.SA","Fundo De Investimento Imobiliario Housi","82.02"
"SJAU11.SA","Sj Au Logistica Fundo De Investimento Imobiliario","5.70"
"DAYM11.SA","Daycoval Real Estate Multiestrategia Fundo De Investimento Imobiliario De Resp Ltd.","4.13"
"GFSA3.SA","Gafisa S.A.","1.80"
"ASRF11.SA","Asa Retrofits I Fundo De Investimento Imobiliario","10,974.00"
"RCRI11.SA","Real Investor Recebiveis Imobiliários Fundo De Investimento Imobiliario Responsabilidade Limitada","102.10"
"BIPE11.SA","FII BRIO V  CI","1,000.00"
"BNFS11.SA","Banrisul N Front Fund Investment IMO FII Fund","56.30"
"DOTZ3.SA","Dotz S.A.","2.94"
"LUPA3.SA","Lupatech S.A.","0.82"
"APTO11.SA","Navi Residencial Fundo De Investimento Imobiliario","8.21"
"AGXY3.SA","AgroGalaxy Participações S.A.","2.23"
"BIME11.SA","Brio Multiestrategia - Fundo De Investimento Imobiliario","6.37"
"RECD11.SA","FII RECD    CI","6.65"
"CPSH11.SA","Capitania Shoppings Fundo De Investimento Imobiliario","10.64"
"MGEL4.SA","Mangels Industrial S.A.","6.10"
"FIXX11.SA","Fator IFIX Fundo Investimento Imobiliario - FII - Cotas Fund","95.28"
"TRXY11.SA","TRX Hedge Fund Fundo De Investimento Imobiliario - Responsabilidade Limitada","9.24"
"RSID3.SA","Rossi Residencial S.A.","1.73"
"NCRI11.SA","Navi Credito Imobiliario - Fundo De Investimento Imobiliario","8.76"
"OCRE11.SA","Octo Fundo De Investimento Imobiliario","79.51"
"SHOW3.SA","T4F Entretenimento S.A.","4.95"
"ZAVC11.SA","Zavit Credito Imobiliario - Fundo De Investimento Imobiliario","9.31"
"CARE11.SA","Brazilian Graveyard Death Care Services Fundo Investimento Imobiliario - Fii","4.59"
"PABY11.SA","Fundo de Investimento Imobiliário Panamby","43.00"
"IMMB11.SA","FII IMMB    CI  ES","170.00"
"DAMA11.SA","FII DAMA    CI","6.99"
"BRIM11.SA","Brio Real Estate II - Fundo De Investimento Imobiliario - FII","254.00"
"EDFO11.SA","Fundo de Investimento Imobiliário Edifício Ourinvest","125.99"
"RECT11.SA","Fundo De Investimento Imobiliario - FII UBS Office","39.56"
"INDE11.SA","FII INDE    CI","89.15"
"HAGA3.SA","HAGA S/A Indústria e Comércio","2.57"
"GCDL11.SA","FII GCDL    CI","119.36"
"DPRO11.SA","Devant Properties Fundo De Investimento Imobiliario","6.11"
"NUTR3.SA","Nutriplant Indústria e Comércio S/A","2.30"
"HGIC11.SA","Hgi Creditos Imobiliarios Fundo De Investimento","64.09"
"DTCY3.SA","DTCOM - Direct to Company S.A.","2.64"
"XPSF11.SA","XP Selection Fundo De Fundos De Investimento Imobiliario - FII","6.75"
"SMRE11.SA","FII SMRE    CI","65.02"
"BBFO11.SA","BB Fundos De Fundos - Fundo De Investimento Imobiliario","72.33"
"AFHF11.SA","AF Invest Real Estate Multiestrategia Fundo De Investimento Imobiliario Responsabilidade Limitada","10.00"
"ESTR3.SA","Manufatura de Brinquedos Estrela S.A.","3.01"
"RBVA11.SA","Fundo Invest Imobiliario Agencias Caixa - FII Fund","9.81"
"RBOP11.SA","Fundo De Investimento Imobiliário Mercantil Do Brasil-fii -Inicio","223.11"
"CTXT11.SA","Fundo Invest Imobiliario Centro Textil Internacional - Cotas Fund","5.70"
"FIVN11.SA","Vida Nova Fundo Investimento Immobiliere","2.29"
"TELM11.SA","Tellus Multiestrategia Fundo De Investimento Imobiliario","9.93"
"PEMA11.SA","Performa Real Estate Fundo De Investimento Imobiliario","38.00"
"EIRA11.SA","FII EIRA    CI","104.55"
"HAGA4.SA","HAGA S/A Indústria e Comércio","1.47"
"RMBS11.SA","Rec Master Fundo De Cri Cotas Amortizaveis Fundo De Investimento Imobiliario - Responsabilidade Ltd","8.45"
"CTAX3.SA","Contax Participações S.A.","0.76"
"NORD3.SA","Nordon Indústrias Metalúrgicas S/A","3.00"
"PPLA11.SA","PPLA Participations Ltd.","0.47"
"FICT3.SA","Fictor Alimentos S.A.","0.45"
"VIVR3.SA","Viver Incorporadora e Construtora S.A.","0.40"
"SNSY5.SA","Sansuy S.A.","2.46"
"XPCM11.SA","XP Corporate Macaé Fundo de Investimento Imobiliário - FII","7.85"
"FMOF11.SA","Fundos de Investimento Imobiliário Memorial Office Of Cotas","37.01"
"CXTL11.SA","Fundo De Investimento Imobiliário Caixa Trx Logística Renda","337.08"
"LRED11.SA","FII LRED    CI","12.34"
"PATA11.SA","Patagonia Capital Multiestrategia Fundo De Investimento Imobiliario","9.80"
"CTSA4.SA","Companhia Tecidos Santanense Ltda.","1.85"
"MGHT11.SA","Fundo De Investimento Imobiliario Mogno Hoteis","12.32"
"TRPL11.SA","Pafil Permuta Fundo De Investimento Imobiliario Responsabilidade Limitada","1.05"
"CTSA3.SA","Companhia Tecidos Santanense Ltda.","2.15"
"BDLL4.SA","Bardella S.A. Indústrias Mecânicas","6.76"
"SCPF11.SA","Scp Fundo De Investimento NPV","2.70"
"BDLL3.SA","Bardella S.A. Indústrias Mecânicas","7.01"
"RVEE3.SA","REVEE       ON      NM","1.10"
"APXR11.SA","FII APXR    CI","100.00"
"CXRI11.SA","CXFI - Caixa Rio Bravo Fundo Fundos","67.71"
"BSLT11.SA","Fundo De Investimentos Imobiliarios De Permuta Financeira Lote5 Senior Responsabilidade Limitada","73.01"
"JFEN3.SA","João Fortes Engenharia S.A.","0.75"
"APXU11.SA","FII APXU    CI","94.50"
"ONDA11.SA","Onda Invest Multiestratégia Fundo de Investimento Imobiliário Responsabilidade Limitada","9.11"
"URHF11.SA","Urca Hedge Fund Estrategia Imobiliaria Fundo De Investimento Imobiliario – Responsabilidade Ltd.","74.15"
"NEXP3.SA","Nexpe Participações S.A.","2.81"
"PDGR3.SA","PDG Realty S.A. Empreendimentos e Participações","2.25"
"YUFI11.SA","Yuca Fundo De Investimento Imobiliario","15.00"
"RENV11.SA","Cpv Energia Fundo De Investimento Imobiliario Responsabilidade Limitada","6.92"
"PRSV11.SA","Fundo de Investimento Imobiliário Presidente Vargas","32.71"
"TXRX4.SA","Têxtil Renauxview S.A.","1.57"
"KNRE11.SA","Kinea II Real Estate Equity Fundo de Investimento Imobiliário","0.34"
"PLRI11.SA","Polo Fundo de Investimento Imobiliario – FII Recebiveis Imobiliarios IMO - Cotas Fund","6.06"
"OSXB3.SA","OSX Brasil S.A.","1.78"
"GSHP3.SA","General Shopping e Outlets do Brasil S.A.","2.96"
"RCFA11.SA","Grupo Rcfa Fundo De Investimento","0.94"
"5PRE11.SA","IT NOW PRE 5F11","49.13"
"A1PL34.SA","APPLIED DGTLDRN","144.88"
"A1PO34.SA","APOLLO GLOBLDRN","38.32"
"A1PP34.SA","APPLOVIN CO DRN","84.97"
"A2LC34.SA","Alcon Inc.","38.64"
"A2MB34.SA","Ambarella, Inc.","11.20"
"A2RE34.SA","Ares Management Corporation","56.22"
"A2RR34.SA","Arrowhead Pharmaceuticals, Inc.","40.00"
"A2RW34.SA","Arrow Electronics, Inc.","49.10"
"A2SO34.SA","Academy Sports and Outdoors, Inc.","66.45"
"A2XO34.SA","Axon Enterprise, Inc.","134.71"
"A2ZT34.SA","Azenta, Inc.","9.24"
"AADA39.SA","21SH CARDANODRE","25.68"
"AAGR11.SA","FIAGRO AAGR CI","92.52"
"AALR3F.SA","ALLIAR      ON      NM","3.96"
"AAZQ11.SA","Az Quest Sole Fundo De Investimento Nas Cadeias Produtivas Do Agronegocio - Fiagro - Imobiliario","8.18"
"ABCB10.SA","ABC BRASIL  PN  REC N2","25.29"
"ABCB10F.SA","ABC BRASIL  PN  REC N2","25.20"
"ABCB10L.SA","ABC BRASIL  PN  REC N2","25.42"
"ABCB4F.SA","ABC BRASIL  PN      N2","25.90"
"ABEV3F.SA","AMBEV S/A   ON","15.00"
"ABGD39.SA","ABDEN GOLD  DRE","113.03"
"ACWI11.SA","Trend Etf Msci Acwi Fundo De Indice","15.26"
"ACWX39.SA","BlackRock Institutional Trust Co NA","61.14"
"ADMF3F.SA","CIABRASF    ON      NM","23.00"
"ADSH11.SA","--","10.10"
"AERI3F.SA","AERIS       ON      NM","2.51"
"AETH39.SA","21SH ETHEREUDRE","41.91"
"AFLT3F.SA","AFLUENTE T  ON","7.16"
"AGRI11.SA","Bb Etf Iagro Ffs B3 Fundo De Indice","45.18"
"AGRO3F.SA","BRASILAGRO  ON      NM","20.60"
"AGRX11.SA","Fiagro Agrx","8.96"
"AGXY3F.SA","AGROGALAXY  ON      NM","2.24"
"AHEB3F.SA","SPTURIS     ON","25.00"
"AHEB5F.SA","SPTURIS     PNA","58.00"
"AHEB6F.SA","SPTURIS     PNB","50.00"
"ALLD3F.SA","ALLIED      ON      NM","7.60"
"ALOS3F.SA","ALLOS       ON      NM","30.25"
"ALPA3F.SA","ALPARGATAS  ON      N1","11.90"
"ALPA4F.SA","ALPARGATAS  PN      N1","12.59"
"ALPK3F.SA","ESTAPAR     ON      NM","4.48"
"ALUG11.SA","Investo Msci US Real Estate ETF Fundo De Investimento De Indice Investimento Exterior","39.04"
"ALUP11F.SA","ALUPAR      UNT     N2","35.00"
"ALUP3F.SA","ALUPAR      ON      N2","13.09"
"ALUP4F.SA","ALUPAR      PN      N2","11.10"
"AMAR3F.SA","LOJAS MARISAON      NM","0.87"
"AMBP3F.SA","AMBIPAR     ON      NM","0.26"
"AMER3F.SA","AMERICANAS  ON      NM","5.26"
"AMOB3F.SA","AUTOMOB     ON      NM","12.01"
"ANGV39.SA","VANECK ANGL DRE","50.10"
"ANIM3F.SA","ANIMA       ON      NM","4.30"
"AREA11.SA","Btg Pactual Teva Itbr Ipca Rendimento Fundo De Índice","103.16"
"ARGE11.SA","Investo Argentina Fundo De Índice","12.31"
"ARGT39.SA","GX ARGENTINADRE","46.73"
"ARML3F.SA","ARMAC       ON      NM","5.19"
"ARND3F.SA","ARANDU      ON      NM","0.73"
"ARRI11Q.SA","--","6.80"
"ASAI3F.SA","ASSAI       ON      NM","8.24"
"ATED3F.SA","ATOM EDUC   ON","2.22"
"AUAU3F.SA","PETZCOBASI  ON      NM","3.06"
"AUPO11.SA","Btg Pactual Teva Auvp Itbr Liquidez Fundo De Indice","103.69"
"AURE3F.SA","AUREN       ON      NM","11.80"
"AURO11.SA","Buena Vista Neos Gold High Income I - Cotas ETF Fund","105.58"
"AUVP11.SA","Btg Pactual Teva Auvp Acoes Fundamentos Fundo De Indice","127.97"
"AVLL3F.SA","ALPHAVILLE  ON      NM","0.68"
"AXIA3F.SA","AXIA ENERGIAON      N1","58.41"
"AXIA5F.SA","AXIA ENERGIAPNA     N1","64.63"
"AXIA6F.SA","AXIA ENERGIAPNB     N1","62.02"
"AXIA7.SA","AXIA Energia SA","56.94"
"AXIA7F.SA","AXIA ENERGIAPNC     N1","56.19"
"AZEV3F.SA","AZEVEDO     ON","0.23"
"AZEV4F.SA","AZEVEDO     PN","0.18"
"AZIN11.SA","Az Quest Infra-Yield Ii Fundo De Investimento Em Participacoes Em Infraestrutura","101.23"
"AZTE3F.SA","AZT ENERGIA ON","0.29"
"AZUL12.SA","AZUL        DM    0,00","24.99"
"AZUL12F.SA","AZUL        DM    0,00","25.00"
"AZUL14.SA","AZUL        DM    0,00","0.11"
"AZUL14F.SA","AZUL        DM    0,00","0.05"
"AZUL16.SA","AZUL        DM    0,00","20.00"
"AZUL16F.SA","AZUL        DM    0,00","20.00"
"AZUL53F.SA","AZUL        ON  P   N2","242.54"
"AZZA3F.SA","AZZAS 2154  ON      NM","26.30"
"B1ZE34.SA","--","47.40"
"B2AH34.SA","BOOZALLEN HHDRN","42.99"
"B2AP34.SA","Credicorp Ltd.","142.56"
"B2LN34.SA","BlackLine, Inc.","16.70"
"B2RK34.SA","Bruker Corporation","18.37"
"B2UR34.SA","Burlington Stores, Inc.","52.84"
"B3BR11.SA","IT NOW B3BR+CI","63.30"
"B3SA3F.SA","B3          ON      NM","17.91"
"B3SA3Q.SA","B3          ON      NM","16.82"
"B5MB11.SA","ETF Bradesco Ima-B5 Plus Fundo De Indice","127.45"
"B5P211.SA","It Now Ima-B5 P2 Fundo De Indice","104.87"
"BAAX39.SA","Ishares Msci All Country Asia Ex Japan ETF","51.14"
"BACW39.SA","Ishares Msci Acwi ETF","72.61"
"BAER39.SA","Ishares Us Aerospace & Defense ETF","61.54"
"BAGG39.SA","BKR US AGGREDRE","51.75"
"BAIQ39.SA","GX AI TECH  DRE","43.32"
"BALM3F.SA","BAUMER      ON","26.99"
"BALM4F.SA","BAUMER      PN","20.29"
"BAOK39.SA","BKR CSV ALOCDRE","52.35"
"BAUH4F.SA","EXCELSIOR   PN","90.00"
"BAZA3F.SA","AMAZONIA    ON","82.98"
"BBAJ39.SA","JP BTB ASIA DRE","65.66"
"BBAS3F.SA","BRASIL      ON      NM","23.94"
"BBDC3F.SA","BRADESCO    ON      N1","16.70"
"BBDC4F.SA","BRADESCO    PN      N1","19.27"
"BBER39.SA","JP BTB EUROPDRE","73.56"
"BBGO11.SA","Bb Fundo De Investimento De Credito Fiagro-Imobiliario","75.55"
"BBOI11.SA","Bb Etf Indice Futuro De Boi Gordo B3 Fundo De Indice","10.80"
"BBOV11.SA","Bb Etf Ibovespa Fundo De Indice","97.17"
"BBSD11.SA","BB ETF S&P Dividendos Brasil Fundo de Indice","144.96"
"BBSE3F.SA","BBSEGURIDADEON      NM","34.84"
"BBUG39.SA","Global X Funds","43.79"
"BCHI39.SA","Ishares Msci China Etf","37.00"
"BCHQ39.SA","Global X Funds","25.69"
"BCIC11.SA","B-Index Morningstar Setores Ciclicos Brasil Fundo De Indice","142.04"
"BCIR39.SA","FT NASDCYBERDRE","64.56"
"BCLO39.SA","Global X Funds","33.82"
"BCOM39.SA","BKR COMT ROLDRE","56.16"
"BCPX39.SA","Global X Funds","39.64"
"BCTE39.SA","GX CLEANCH  DRE","38.15"
"BCWV39.SA","iShares, Inc. - iShares MSCI Global Min Vol Factor ETF","62.22"
"BDAP11.SA","Bb Etf Indice Dap5 B3 Fundo De Indice","12.38"
"BDEF11.SA","B-Index Morningstar Setores Defensivos Brasil Fundo De Indice","173.31"
"BDIF11.SA","Btg Pactual Divida Infra FICF Incentivados De Investimento Em Infraestrutura Renda Fixa Credito Priv","77.89"
"BDIV11.SA","Btg Pactual Infraestrutura Dividendos Fundo De Investimento Em Participacoes Em Infraestrutura","39.21"
"BDLL4F.SA","BARDELLA    PN","7.00"
"BDOM11.SA","Investo Marketvector Brazil Domestic Exposure Etf - Fundo De Investimento De Indice","142.91"
"BDRI39.SA","Global X Funds","53.69"
"BDVD39.SA","Global X Funds","49.41"
"BDVY39.SA","Ishares Select Dividend Etf","78.26"
"BECH39.SA","BKR CHILE   DRE","67.97"
"BEEF3F.SA","MINERVA     ON      NM","4.18"
"BEEM39.SA","Ishares Msci Emerging Markets ETF","50.00"
"BEES3F.SA","BANESTES    ON","8.61"
"BEES4F.SA","BANESTES    PN","8.78"
"BEFA39.SA","Ishares Msci Eafe ETF","63.15"
"BEFG39.SA","iShares Trust - iShares MSCI EAFE Growth ETF","58.27"
"BEFV39.SA","iShares Trust - iShares MSCI EAFE Value ETF","63.99"
"BEGU39.SA","Ishares Trust Ishares Esg Aware Msci Usa ETF","74.84"
"BEIS39.SA","MSCI ISRAEL DRE","64.44"
"BEMC39.SA","BKR EME XCHIDRE","83.05"
"BEMV39.SA","iShares, Inc. - iShares MSCI Emerging Markets Min Vol Factor ETF","56.34"
"BEST11.SA","Investo Brazil Besst Quality Fundo De Indice","123.72"
"BEUW39.SA","BKR EQUALWG DRE ED","67.34"
"BEWA39.SA","iShares, Inc. - iShares MSCI Australia ETF","48.50"
"BEWC39.SA","iShares, Inc. - iShares MSCI Canada ETF","71.27"
"BEWD39.SA","MSCI SWEDEN DRE","51.32"
"BEWG39.SA","Ishares Msci Germany ETF","68.74"
"BEWH39.SA","Ishares Msci Hong Kong Etf","37.82"
"BEWI39.SA","MSCI ITALY  DRE","59.00"
"BEWJ39.SA","Ishares Msci Japan Etf","55.21"
"BEWL39.SA","iShares, Inc. - iShares MSCI Switzerland ETF","60.54"
"BEWP39.SA","LKR/SGD","91.98"
"BEWQ39.SA","iShares, Inc. - iShares MSCI France ETF","56.00"
"BEWT39.SA","Ishares Msci Taiwan ETF","62.90"
"BEWU39.SA","Ishares Msci United Kingdom Etf","77.84"
"BEWW39.SA","Ishares Msci Mexico ETF","96.40"
"BEWY39.SA","Ishares Msci South Korea Etf","83.29"
"BEWZ39.SA","Ishares Msci Brazil ETF","65.34"
"BEZU39.SA","Ishares Msci Eurozone ETF","81.53"
"BFAV39.SA","iShares Trust - iShares MSCI EAFE Min Vol Factor ETF","59.20"
"BFBI39.SA","FT NYSE BIOTDRE","51.28"
"BFCG39.SA","FT NAT GAS  DRE","83.40"
"BFDA39.SA","FT RISIDIVIDDRE","72.50"
"BFPX39.SA","FT EQ OPPORTDRE","57.13"
"BFTA39.SA","--","56.79"
"BFXI39.SA","iShares Trust - iShares China Large-Cap ETF","37.49"
"BGIP10.SA","BANESE      PN  REC","34.01"
"BGIP10F.SA","BANESE      PN  REC","32.50"
"BGIP3F.SA","BANESE      ON","60.90"
"BGIP4F.SA","BANESE      PN","35.22"
"BGIP9F.SA","BANESE      ON  REC","58.00"
"BGLC39.SA","BKR GLOB100 DRE","79.70"
"BGNO39.SA","GX GENOMBIOTDRE","37.77"
"BGOV39.SA","BKR US TREASDRE","39.91"
"BGOZ39.SA","BKR TRSTRIPSDRE","47.80"
"BGRT39.SA","iShares Trust - iShares Global REIT ETF","43.80"
"BGWH39.SA","iShares Trust - iShares Core Dividend Growth ETF","73.24"
"BHDV39.SA","BlackRock Institutional Trust Company NA","70.14"
"BHEF39.SA","iShares Trust - iShares Currency Hedged MSCI EAFE ETF","54.95"
"BHER39.SA","Global X Funds","33.49"
"BHIA3F.SA","CASAS BAHIA ON      NM","3.09"
"BHVN34.SA","BIOHAVEN LTDDRN","16.32"
"BHYC39.SA","BKR 0 5 YRHYDRE","54.84"
"BHYG39.SA","iShares Trust - iShares iBoxx $ High Yield Corporate Bond ETF","51.93"
"BIAG39.SA","BKR INTLAGGTDRE","52.40"
"BIAU39.SA","Ishares Gold Trust","111.00"
"BIBB39.SA","Ishares Nasdaq Biotechnology Etf","57.23"
"BICL39.SA","iShares Trust - iShares Global Clean Energy ETF","47.95"
"BIDB11.SA","Inter Infra FI Cotas Fundos Incentivados De Investimento Infraestrutura Renda Fixa Credito Privado","80.41"
"BIDV39.SA","BKR INTL SLDDRE ED","72.75"
"BIED3F.SA","BIOMA EDUC  ON","6.25"
"BIEF39.SA","Ishares Core Msci Eafe ETF","58.92"
"BIEI39.SA","BKR 3 7 YRTRDRE","53.66"
"BIEM39.SA","Ishares Core Msci Emerging Markets ETF","61.54"
"BIEO39.SA","BKR OIL GAS DRE ED","65.29"
"BIET39.SA","BKR TECHSOFTDRE","14.94"
"BIEU39.SA","Ishares Core Msci Europe ETF","60.60"
"BIEV39.SA","iShares Trust - iShares Europe ETF","70.21"
"BIEZ39.SA","USOIL EQSRV DRE ED","77.58"
"BIFR39.SA","BKR US INFRADRE ED","98.85"
"BIGF39.SA","Ishares Global Infrastructure Etf","86.87"
"BIGO39.SA","BKR INTL TRSDRE","53.78"
"BIGS39.SA","BKR 1 5YGRCODRE","54.89"
"BIHA39.SA","iShares Trust","78.54"
"BIHE39.SA","BKR PHARMACLDRE ED","24.82"
"BIJH39.SA","Ishares Core S&P Mid-Cap Etf","17.60"
"BIJR39.SA","Ishares Core S&P Small-Cap Etf","81.29"
"BILF39.SA","Ishares Latin America 40 ETF","60.24"
"BINC11.SA","Brad Fic Firf Invest Infra Cdi Cp Resp Ltda","103.05"
"BIOM3F.SA","BIOMM       ON","7.16"
"BIPC39.SA","BKR CORPACIFDRE","79.76"
"BITB39.SA","BlackRock Institutional Trust Company NA","78.66"
"BITC11.SA","Btg Pactual Teva Bitcoin Fundo De Indice","60.83"
"BITH11.SA","Hashdex Nasdaq Bitcoin Reference Rate Fundo De Indice","83.47"
"BITI11.SA","It Now Bloomberg Galaxy Bitcoin Fundo De Indice","33.39"
"BITO39.SA","Ishares Core S&P Total Us Stock Market Etf","75.05"
"BIVB39.SA","Ishares Core S&P 500 Etf","86.17"
"BIVE39.SA","iShares Trust - iShares S&P 500 Value ETF","73.73"
"BIVW39.SA","iShares Trust - iShares S&P 500 Growth ETF","75.64"
"BIWF39.SA","iShares Trust - iShares Russell 1000 Growth ETF","90.88"
"BIWM39.SA","Ishares Russell 2000 Etf","66.00"
"BIXC39.SA","BlackRock Institutional Trust Company NA","74.20"
"BIXG39.SA","iShares Trust - iShares Global Financials ETF","74.55"
"BIXJ39.SA","Ishares Global Healthcare Etf","60.66"
"BIXN39.SA","Ishares Global Tech ETF","17.90"
"BIXU39.SA","BKR TI STOCKDRE","75.18"
"BIYC39.SA","BlackRock Institutional Trust Company NA","102.40"
"BIYE39.SA","iShares Trust - iShares U.S. Energy ETF","111.70"
"BIYF39.SA","Ishares Us Financials Etf","40.98"
"BIYJ39.SA","BlackRock Institutional Trust Company NA","77.36"
"BIYT39.SA","BKR 7 10 YRTDRE","49.73"
"BIYW39.SA","Ishares US Technology ETF","27.85"
"BIYZ39.SA","US TELECOM  DRE ED","70.40"
"BIZD11.SA","Investo Mvis®Us Business Development Companies Index ETF Fundo De Indice","75.95"
"BJPI39.SA","JP RETU INTLDRE","72.28"
"BJQU39.SA","JP QLT FACT DRE","80.64"
"BKCH39.SA","Global X Funds","27.34"
"BKSA39.SA","BlackRock Institutional Trust Company NA","49.25"
"BKWB39.SA","KR CSI CHINADRE","149.00"
"BKYY39.SA","First Trust Cloud Computing ETF","57.94"
"BLAU3F.SA","BLAU        ON      NM","10.05"
"BLBT39.SA","Global X Funds","46.79"
"BLFT11.SA","BL03 Fundo Invest Financeiro","106.16"
"BLPA39.SA","Global X Funds","36.19"
"BLPX39.SA","Global X Funds","48.67"
"BLQD39.SA","iShares Trust - iShares iBoxx $ Investment Grade Corporate Bond ETF","56.67"
"BMBB39.SA","BKR MBS     DRE","49.64"
"BMEB3F.SA","MERCANTIL   ON      N1","66.81"
"BMEB4F.SA","MERCANTIL   PN      N1","78.00"
"BMGB10.SA","BANCO BMG   PN  REC N1","5.07"
"BMGB10F.SA","BANCO BMG   PN  REC N1","5.07"
"BMGB4F.SA","BANCO BMG   PN      N1","5.10"
"BMIL39.SA","GX MILLECONMDRE","53.03"
"BMIN3F.SA","MERC INVEST ON","20.14"
"BMIN4F.SA","MERC INVEST PN","18.25"
"BMMT11.SA","B - Index Morningstar Brasil Momento Fundo","163.14"
"BMOB3F.SA","BEMOBI TECH ON      NM","25.74"
"BMRE39.SA","BKR MORTGAGEDRE ED","54.92"
"BMTU39.SA","iShares Trust - iShares MSCI USA Momentum Factor ETF","64.77"
"BNBR3F.SA","NORD BRASIL ON","122.05"
"BNDA39.SA","Ishares Msci India Etf","61.92"
"BNDX11.SA","Investo Bloomberg Global Bond ETF Fundo De Investimento De Indice - Investimento No Exterior","99.63"
"BOBR4F.SA","BOMBRIL     PN","1.37"
"BODB11.SA","Bocaina Infra- Fundo de Investimento em Cotas de Fundos Incentivados de Investimento em","7.88"
"BODI11.SA","Bocaina Infra Cdi Fic De Fundos Incentivados De Investimento Em Infra Renda Fixa Resp Limitada","10.20"
"BOL511.SA","B-Index ETF Ima-B 5 P2 Fundo de Indice - Responsabilidade Limitada","105.98"
"BOTZ39.SA","Global X Funds","44.87"
"BOVA11.SA","iShares Ibovespa Index Fund","182.20"
"BOVB11.SA","ETF Bradesco Ibovespa Fundo De Indice","189.71"
"BOVS11.SA","Safra Ibovespa Fundo De Indice","142.97"
"BOVV11.SA","It Now Ibovespa Fundo de Indice","191.01"
"BOVX11.SA","Trend ETF Ibovespa Fundo De Indice","19.00"
"BPAC11F.SA","BTGP BANCO  UNT     N2","56.84"
"BPAC3F.SA","BTGP BANCO  ON      N2","36.33"
"BPAC5F.SA","BTGP BANCO  PNA     N2","11.64"
"BPAR3F.SA","BANPARA     ON","110.20"
"BPIC39.SA","BlackRock Institutional Trust Company NA","72.45"
"BPRE11.SA","B-Index ETF Irf-M P2 Fundo de Índice - Responsabilidade, LTDA","104.97"
"BPVE39.SA","Global X Funds","44.65"
"BQQW39.SA","FT NASD100EQDRE","70.00"
"BQTC39.SA","FT NASD100TCDRE","76.61"
"BQUA39.SA","iShares Trust - iShares MSCI USA Quality Factor ETF","67.42"
"BQYL39.SA","Global X Funds","30.01"
"BRAP3F.SA","BRADESPAR   ON      N1","19.43"
"BRAP4F.SA","BRADESPAR   PN      N1","22.62"
"BRAV3F.SA","BRAVA       ON      NM","18.93"
"BRAV3Q.SA","BRAVA       ON      NM","17.30"
"BRAX11.SA","iShares IBrX-Índice Brasil (IBrX-100) Index Fund","155.24"
"BRAZ11.SA","Bb Etf Ibovespa B3 Br+ Fundo De Indice Responsabilidade Limitada","12.72"
"BRBI11.SA","BRBI BR Partners S.A.","19.60"
"BRBI11F.SA","BR PARTNERS UNT     N2","19.59"
"BRCO11.SA","Bresco - Fundo De Investimento Imobiliario","116.95"
"BRCO11Q.SA","--","112.60"
"BREW11.SA","B-Index Morningstar Brasil Pesos Iguais Fundo De Indice","151.83"
"BRFT11.SA","Bradesco Farmtech Fundo De Investimento Nas Cadeias Produtivas Agroindustriais Fiagro - Dc","87.51"
"BRKM3F.SA","BRASKEM     ON      N1","9.59"
"BRKM5F.SA","BRASKEM     PNA     N1","10.96"
"BRKM6F.SA","BRASKEM     PNB     N1","8.11"
"BRSR3F.SA","BANRISUL    ON  EJ  N1","18.86"
"BRSR5F.SA","BANRISUL    PNA EJ  N1","17.02"
"BRSR6F.SA","BANRISUL    PNB EJ  N1","17.74"
"BRST3F.SA","BRISANET    ON      NM","2.97"
"BRXC11.SA","BTG Pactual Teva IABR Selector Fundo de Índice - Responsabilidade, LTDA","140.53"
"BRZP11.SA","Brz Infra Portos Fundo De Investimento Em Participacoes Em Infraestrutura","177.23"
"BSDV39.SA","Global X Funds","65.04"
"BSHV39.SA","BKR 0 1 SHV DRE","57.70"
"BSHY39.SA","BKR 1 3 YRTRDRE","53.90"
"BSIL39.SA","Global X Funds","44.40"
"BSLI3F.SA","BRB BANCO   ON","4.41"
"BSLI4F.SA","BRB BANCO   PN","4.05"
"BSLV39.SA","Ishares Silver Trust","113.60"
"BSOX39.SA","iShares Trust - iShares Semiconductor ETF","45.05"
"BSRE39.SA","GX SUDIVREITDRE","36.82"
"BTAG11.SA","Btg Pactual Credito Agrocola Fundo De Investimento Em Cotas Fiagro Direitos Creditorios","111.87"
"BTFL39.SA","BKR FLOT RTEDRE","52.95"
"BTHI11.SA","Btg Pactual Hoteis Fundo De Investimento Imobiliario","44.00"
"BTIP39.SA","BlackRock Institutional Trust Co NA","57.64"
"BTLT39.SA","BKR 20YR TRSDRE","30.27"
"BUAE39.SA","BKR MSCI UAEDRE","48.00"
"BULZ11.SA","GENIAL HBETACI","98.38"
"BURA39.SA","Global X Funds","42.75"
"BURT39.SA","iShares, Inc. - iShares MSCI World ETF","63.52"
"BUSM39.SA","Ishares Msci Usa Min Vol Factor ETF","61.38"
"BUSR39.SA","iShares Trust - iShares Core U.S. REIT ETF","51.94"
"BUTL39.SA","BlackRock Institutional Trust Company NA","75.11"
"BVBR11.SA","INVCONSTQBRLCI","22.90"
"BVEG39.SA","BKR GBL AGRODRE","59.46"
"BVLU39.SA","iShares Trust - iShares MSCI USA Value Factor ETF","76.27"
"BXPO11.SA","Investo Marketvector Brazil Global Exposure Etf – Fundo De Investimento De Indice","154.08"
"BXTC39.SA","Ishares Exponential Technologies ETF","59.70"
"C1CJ34.SA","CAMECO CORP DRN","114.40"
"C1RH34.SA","CRH PLC     DRN","92.08"
"C2AC34.SA","CACI International Inc","3.89"
"C2CA34.SA","Coca-Cola FEMSA, S.A.B. de C.V.","101.81"
"C2GN34.SA","Cognex Corporation","33.13"
"C2HP34.SA","ChargePoint Holdings, Inc.","9.14"
"C2OL34.SA","Grupo Cibest S.A.","94.23"
"C2OU34.SA","Coursera, Inc.","15.19"
"C2RN34.SA","Cerence Inc.","8.59"
"C2RS34.SA","CRISPR Therapeutics AG","30.48"
"C2RW34.SA","CrowdStrike Holdings, Inc.","91.75"
"C2SW34.SA","Columbia Sportswear Company","28.77"
"CACR11.SA","Supernova Fundo De Investimento Imobiliario - Recebiveis Imobiliarios","81.80"
"CALI3F.SA","CONST A LINDON","17.51"
"CAMB3F.SA","CAMBUCI     ON  EJ","9.64"
"CAML3F.SA","MSCI AUSTRIA SMALL CAP NETR EUR","5.93"
"CAPE11.SA","ISHARES BOVESPA BR+ CAP 5% B3 CLASSE DE ÍNDICE - RESPONSABILIDADE LIMITADA","148.67"
"CASA11.SA","Buena Vista Neos Real Estate High Income Index Fundo De Indice - Responsabilidade Limitada","84.96"
"CASH3F.SA","MELIUZ      ON      NM","3.78"
"CASN3F.SA","CASAN       ON","8.39"
"CAUT11.SA","Smrt11 Fundo De Investimento Em Cotas De Fundo De Investimento Em Direitos Creditorios","100.00"
"CBAV3F.SA","CBA         ON      NM","10.37"
"CBEE3F.SA","AMPLA ENERG ON","9.97"
"CBTC39.SA","21SH BITCOINDRE","29.42"
"CCTY3F.SA","RDVC CITY   ON      NM","8.27"
"CDII11.SA","Sparta Infra Cdi Fd De Invest Em Cotas De Fd Incentivados De Inv Em Infraestrutura Renda Fixa Cr Pri","104.51"
"CEAB3F.SA","CEA MODAS   ON      NM","12.50"
"CEBR3F.SA","CEB         ON","31.24"
"CEBR5F.SA","CEB         PNA","28.89"
"CEBR6F.SA","CEB         PNB","30.88"
"CEDO3F.SA","CEDRO       ON      N1","11.16"
"CEDO4F.SA","CEDRO       PN      N1","8.00"
"CEEB3F.SA","COELBA      ON  EJ","47.75"
"CEEB5F.SA","COELBA      PNA EJ","43.00"
"CEED3F.SA","CEEE,D      ON","9.50"
"CEGR3F.SA","CEG         ON","60.50"
"CGAS3F.SA","COMGAS      ON","124.00"
"CGAS5F.SA","COMGAS      PNA","132.65"
"CGRA3F.SA","GRAZZIOTIN  ON","26.88"
"CGRA4F.SA","GRAZZIOTIN  PN","26.30"
"CHIP11.SA","INVESTO ETF US LISTED SEMICONDUCTOR 25 INDEX CLASSE DE ÍNDICE IE RESP LIMITADA","25.68"
"CLOB11.SA","Btg Pactual Clo Smart Fundo De ÃNdice Â€“ Responsabilidade Limitada","94.73"
"CLOV34.SA","Clover Health Investments, Corp.","9.95"
"CLSC3F.SA","CELESC      ON      N2","129.99"
"CLSC4F.SA","CELESC      PN      N2","146.31"
"CMDB11.SA","Btg Pactual Teva Acoes Commodities Brasil Fundo De Indice","17.38"
"CMIG3F.SA","CEMIG       ON      N1","16.61"
"CMIG4F.SA","CEMIG       PN      N1","12.50"
"CMIN3F.SA","CSNMINERACAOON      N2","4.98"
"COCE3F.SA","COELCE      ON","38.01"
"COCE5F.SA","COELCE      PNA","31.00"
"COGN3F.SA","STX TR.EXP.UK 50 NR DL","3.09"
"COIN11.SA","Buena Vista Neos Bitcoin High Income Index Fundo De Indice Responsabilidade Limitada","46.63"
"COLD34.SA","AMERICOLD RTDRN","20.02"
"COPN11.SA","Copernico Fundo De Investimento Em Participacoes Em Infraestrutura","45.54"
"CORN11.SA","Bb Etf Indice Futuro De Milho B3 Fundo De Indice","7.29"
"CPFE3F.SA","CPFL ENERGIAON      NM","47.50"
"CPFE3Q.SA","CPFL ENERGIAON      NM","46.70"
"CPLE3F.SA","COPEL       ON      NM","15.37"
"CPTI11.SA","Capitania Infra Fic Fi Infra Rf Cp","89.80"
"CPTR11.SA","Capitania Agro Strategies - Fiagro - Imobiliario Fund","8.55"
"CRAA11.SA","Sparta Fiagro Fundo De Investimento Nas Cadeias Produtivas Agroindustriais - Imobiliario","102.40"
"CRPG3F.SA","CRISTAL     ON","19.58"
"CRPG5F.SA","CRISTAL     PNA","17.99"
"CRPG6F.SA","CRISTAL     PNB","18.30"
"CRPT11.SA","Empiricus Teva Criptomoedas Top20 Fundo De Índice","13.18"
"CSAN3F.SA","COSAN       ON      NM","5.50"
"CSED3F.SA","CRUZEIRO EDUON      NM","6.06"
"CSMG3F.SA","COPASA      ON      NM","56.50"
"CSMG3Q.SA","COPASA      ON      NM","53.93"
"CSNA3F.SA","SID NACIONALON","6.55"
"CSUD3F.SA","CSU DIGITAL ON      NM","18.30"
"CTAX3F.SA","CONTAX      ON","0.79"
"CTEM11.SA","FIAGRO CTEM CI","6.00"
"CTKA3F.SA","KARSTEN     ON","42.00"
"CTKA4F.SA","KARSTEN     PN","42.24"
"CTSA3F.SA","SANTANENSE  ON","2.10"
"CTSA4F.SA","SANTANENSE  PN","1.76"
"CURY3F.SA","CURY S/A    ON      NM","36.70"
"CVCB3F.SA","CVC BRASIL  ON      NM","2.20"
"CXCO11Q.SA","--","72.00"
"CXSE3F.SA","CAIXA SEGURION      NM","17.70"
"CYRE3F.SA","CYRELA REALTON      NM","28.41"
"CYRE3Q.SA","--","27.04"
"CYRE4.SA","Cyrela Brazil Realty S.A. Empreendimentos e Participações","26.49"
"CYRE4F.SA","CYRELA REALTPN      NM","26.39"
"D2NL34.SA","Denali Therapeutics Inc.","23.55"
"D2OC34.SA","Doximity, Inc.","20.60"
"D2TC34.SA","Dynatrace, Inc.","23.88"
"DASA3F.SA","DASA        ON      NM","3.66"
"DBAG34.SA","Deutsche Bank Aktiengesellschaft","154.95"
"DCRA11.SA","Devant Fundo De Investimento Nas Cadeias Produtivas Agroindustriais - Fiagro-Imobiliario","7.39"
"DEBB11.SA","BTG Pactual Teva Debentures Di Fundo De Indice","16.03"
"DEFI11.SA","Hashdex Defi Index Fundo De Indice","13.50"
"DESK3F.SA","NASDAQ Global Chemicals NTR Ind","17.90"
"DEXP3F.SA","DEXXOS PAR  ON      N1","7.10"
"DEXP4F.SA","DEXXOS PAR  PN      N1","7.24"
"DIRR3F.SA","DIRECIONAL  ON      NM","14.13"
"DIVD11.SA","It Now Idiv Renda Dividendos Fundo De Indice – Responsabilidade Limitada","66.19"
"DIVO11.SA","It Now IDIV Index Fund","133.06"
"DIVS11.SA","Sparta Infra Inflacao Longa In Fundo De I Em Cotas De Fundos De In Em Infraestrutura Renda Fixa","104.51"
"DMVF3F.SA","D1000VFARMA ON      NM","6.55"
"DOHL4F.SA","DOHLER      PN","3.60"
"DOLA11.SA","BB ETF Indice Futuro De Dolar S&P B3 Fundo De Indice Responsabilidade Limitada","10.13"
"DOLB11.SA","BTG SP DOLARCI","96.40"
"DOLL39.SA","iShares Trust","52.65"
"DOLX11.SA","TREND DOLAR CI","47.60"
"DOTZ3F.SA","DOTZ SA     ON      NM","3.06"
"DTCR39.SA","GX DATAINFRADRE","63.23"
"DTCY3F.SA","DTCOM,DIRECTON","2.55"
"DUOL34.SA","DUOLINGO INCDRN","16.28"
"DVER11.SA","Bb Etf Indice Diversidade B3 Investimento Sustentavel Fundo De Indice","13.58"
"DXCO3F.SA","DEXCO       ON      NM","4.78"
"E1DI34.SA","CONSOLIDATEDDRN","292.61"
"E2AG34.SA","Eagle Materials Inc.","60.50"
"E2LS34.SA","Equity LifeStyle Properties, Inc.","33.26"
"E2NO34.SA","Enovis Corporation","30.36"
"E2NP34.SA","Enphase Energy, Inc.","8.80"
"E2NT34.SA","Entegris, Inc.","35.60"
"E2PA34.SA","EPAM Systems, Inc.","11.53"
"E2XA34.SA","Exact Sciences Corporation","54.15"
"E2XE34.SA","Exelixis, Inc.","110.03"
"EALT3F.SA","ACO ALTONA  ON","13.99"
"EALT4F.SA","ACO ALTONA  PN","14.18"
"EBIT11.SA","Empiricus Teva Bitcoin Fundo De Indice - Responsabilidade Limitada","61.40"
"ECOO11.SA","iShares Índice Carbono Eficiente (ICO2) Brasil - Fundo de Índice","156.06"
"ECOR3F.SA","ECORODOVIAS ON      NM","8.22"
"EDEN39.SA","MSCI DENMARKDRE","35.76"
"EETH11.SA","BTG Pactual Teva Ethereum Fundo De Indice","46.91"
"EGAF11.SA","Ecoagro I Fundo De Investimento Nas Cadeias Produtivas Agroindustriais Fiagro Imobiliario","99.00"
"EGIE3F.SA","ENGIE BRASILON      NM","32.56"
"EIDO39.SA","BlackRock Institutional Trust Co NA","40.73"
"EKTR3F.SA","ELEKTRO     ON  EJ","50.00"
"EKTR4F.SA","ELEKTRO     PN  EJ","38.77"
"ELAS11.SA","Safra ETF Mulheres Na Lideranca Fundo De Indice De Acoes","178.00"
"EMAE4F.SA","EMAE        PN","42.15"
"EMBJ3F.SA","EMBRAER     ON  ATZ NM","77.11"
"EMBJ3Q.SA","EMBRAER     ON  ATZ NM","78.55"
"ENDD11.SA","Endurance Debt Fundo De Investimento Em Participacoes Em Infraestrutura","113.88"
"ENEV3F.SA","ENEVA       ON      NM","25.21"
"ENEV3Q.SA","ENEVA       ON      NM","25.37"
"ENGI11F.SA","ENERGISA    UNT     N2","51.80"
"ENGI11Q.SA","ENERGISA    UNT     N2","50.78"
"ENGI3F.SA","ENERGISA    ON      N2","12.61"
"ENGI4F.SA","ENERGISA    PN      N2","9.75"
"ENJU3F.SA","ENJOEI      ON      NM","1.15"
"ENMT3F.SA","ENERGISA MT ON  ED","49.98"
"ENMT4F.SA","ENERGISA MT PN  ED","48.23"
"EPAR3F.SA","EMBPAR S/A  ON","3.24"
"EQMA3BF.SA","EQUATORIAL MARANHA","33.01"
"EQPA3F.SA","EQTL PARA   ON","6.57"
"EQPA5F.SA","EQTL PARA   PNA","7.95"
"EQTL3F.SA","EQUATORIAL  ON      NM","42.53"
"ESGB11.SA","Btg Pactual Esg Fundo De Indice S P Brazil Esg","127.43"
"ESPA3F.SA","ESPACOLASER ON      NM","1.18"
"ESTR4F.SA","ESTRELA     PN","4.03"
"ETER3F.SA","ETERNIT     ON      NM","3.94"
"ETHA39.SA","BKR ETHEREUMDRE","28.58"
"ETHE11.SA","Hashdex Nasdaq Ethereum Reference Price Fundo De Indice","32.77"
"ETHY11.SA","Buena Vista Dex Vettafi Neos Ethereum High Income Fundo De ÃNdice De Responsabilidade Limitada","65.21"
"EUCA3F.SA","Nasdaq US Benchmark Financial S","21.98"
"EUCA4F.SA","EUCATEX     PN      N1","20.45"
"EVEN3F.SA","EVEN        ON      NM","7.32"
"EVTC31.SA","EVERTEC INC DR1","144.90"
"EWBZ11.SA","ISHARES BOVESPA BR+ EQUAL WEIGHT B3 CLASSE DE ÍNDICE - RESPONSABILIDADE LIMITADA","137.87"
"EWJV39.SA","MSCI JAPAN VDRE","54.05"
"EXIF11.SA","EXES FIC FI INFRAESTRUTURA RENDA FIXA CRÉDITO PRIVADO LONGO PRAZO - RESPONSABILIDADE LIMITADA","10.19"
"EZTC3F.SA","EZTEC       ON      NM","14.26"
"F2IC34.SA","Fair Isaac Corporation","127.00"
"F2IV34.SA","Five9, Inc.","5.07"
"F2RS34.SA","Freshworks Inc.","14.25"
"FDES11.SA","Fundo de Recuperacao Economica","0.30"
"FDES11F.SA","FUNDES      CI","0.29"
"FESA3F.SA","FERBASA     ON      N1","11.74"
"FESA4F.SA","FERBASA     PN      N1","7.90"
"FGAA11.SA","FG/Agro Fundo De Investimento Nas Cadeias Produtivas Agroindustriais - Fiagro-Imobiliario","9.28"
"FHER3F.SA","FER HERINGERON      NM","4.32"
"FICT3F.SA","FICTORALIMENON","0.47"
"FIEI3F.SA","FICA        ON","10.09"
"FIND11.SA","It Now IFNC Index Fund","186.70"
"FIQE3F.SA","UNIFIQUE    ON      NM","6.69"
"FIXA11.SA","Bb Etf Renda Fixa Pré Índice Futuro De Taxas De Juros S&P/B3 Fundo De Índice Resp Limitada","18.82"
"FLCR11Q.SA","FII FL RECEBCI","100.00"
"FLRY3F.SA","FLEURY      ON      NM","15.73"
"FNAM11.SA","Fundo de Investimento Amazônia - FINAM","0.37"
"FNOR11.SA","Finor -Ci Fund","0.66"
"FOMO11.SA","FOMO HASH   CI","20.76"
"FRAS3F.SA","FRAS,LE     ON      N1","21.73"
"FRIO3F.SA","METALFRIO   ON      NM","170.18"
"FSPE11.SA","Fiset Pesca Fiset Fspe","0.30"
"FSPE11F.SA","FISET PESCA CI","0.30"
"FSRF11.SA","Fiset FL Ref","0.09"
"FSRF11F.SA","FISET FL REFCI","0.09"
"FSTU11F.SA","FISET TUR   CI","0.33"
"FTCA11.SA","Nch Recebiveis Do Agronegocio - Fiagro Imobiliario","9.31"
"FZDA11.SA","FIAGRO FZDA CI","120.60"
"G1TR39.SA","ABRDN PMETALDRE","77.10"
"G2NT34.SA","Gentex Corporation","27.54"
"GBIT11.SA","Galapagos Bitcoin Cme Cf Fundo De Indice","71.96"
"GBTC11.SA","Buena Vista Hashdex Gold & Bitcoin Fundo De Indice - Responsabilidade Limitada","28.54"
"GCRA11.SA","Galapagos Recebiveis Do Agronegocio Fiagro Imobiliario","56.20"
"GDIV11.SA","Buena Vista Dex Neos International High Income Fundo De Indice De Responsabilidade Limitada","94.33"
"GDXB39.SA","VanEck Gold Miners ETF","150.20"
"GENB11.SA","Btg Pactual S&P B3 Ingenius Fundo De Indice","15.38"
"GEPA3F.SA","GER PARANAP ON","33.50"
"GEPA4F.SA","GER PARANAP PN","35.99"
"GFSA3F.SA","GAFISA      ON      NM","1.78"
"GGBR3F.SA","GERDAU      ON  ED  N1","16.35"
"GGBR4F.SA","GERDAU      PN  ED  N1","18.39"
"GGPS3F.SA","GPS         ON      NM","17.02"
"GGPS3Q.SA","GPS         ON      NM","16.50"
"GICP11.SA","GENIAL DEBDIF11","10.53"
"GLDI11.SA","IT NOW GOLD CI","57.80"
"GLDX11.SA","Investo ETF Solactive Gold Spot Index Fundo De Indice","110.76"
"GLFT11.SA","GLPG TEVALFTF11","106.65"
"GMAT3F.SA","GRUPO MATEUSON      NM","4.67"
"GOAT11.SA","It Now Sp Imab Fundo De Indice Responsabilidade Limitada","54.05"
"GOAU3F.SA","GERDAU MET  ON  ED  N1","8.05"
"GOAU4F.SA","GERDAU MET  PN  ED  N1","8.28"
"GOLB11.SA","BTGP GOLB   CI","111.22"
"GOLD11.SA","Trend Etf Lbma Ouro Fundo Investimento Cotas De Fundo De Andice Investimento Exterior","24.61"
"GOLL54F.SA","GOL         PN *P","11.60"
"GOLX11.SA","TREND OURO HCI","52.51"
"GOVE11.SA","It Now IGCT Index Fund","80.58"
"GPAR3F.SA","CELGPAR     ON  ED","12.81"
"GPUS11.SA","Investo Gp Etf S&P 500 Fundo De Indice","103.82"
"GRND3F.SA","GRENDENE    ON      NM","4.77"
"GROP31.SA","POTASSIO BR DR1","17.04"
"GRWA11.SA","Greenwich Agro Fundo De Investimento Nas Cadeias Produtivas Agroindustriais - Fiagro - Imobiliario","8.09"
"GSHP3F.SA","GENERALSHOPPON","2.82"
"GXUS11.SA","GLPG GLBEXUSCI","102.17"
"HAGA3F.SA","HAGA S/A    ON","2.34"
"HAGA4F.SA","HAGA S/A    PN","1.46"
"HAPV3F.SA","HAPVIDA     ON  ATZ NM","9.96"
"HASH11.SA","Hashdex Nasdaq Crypto Index Fundo De Indice","48.85"
"HBOR3F.SA","HELBOR      ON      NM","2.70"
"HBRE3F.SA","HBR REALTY  ON      NM","2.96"
"HBSA3F.SA","HIDROVIAS   ON      NM","4.19"
"HBTS5F.SA","HABITASUL   PNA","40.31"
"HERT11.SA","Hedge Brasil Equity REITS Fundo De Indice De Responsabilidade Limitada","22.01"
"HGAG11.SA","High Fundo De Investimento Agro - Fiagro - Imobiliario","13.87"
"HGBR11.SA","Nu Iboxx Investment Grade Hedge Carry Brl Classe De Índice Investimento No Exterior - RL","53.02"
"HGBS12.SA","FII HEDGEBS DM   20,84","0.02"
"HGPO11.SA","Cshg Jhsf Prime Offices Fundo De Investimento Imobiliario","153.98"
"HIGH11.SA","NU IBOV SMART HIGH BETA B3 CLASSE DE ÍNDICE - RESPONSABILIDADE LIMITADA","96.73"
"HIRE11.SA","Hire Fundo De Investimento Imobiliario Responsabilidade Limitada","100.36"
"HODL11.SA","INVESTO ETF MARKETVECTOR BITCOIN BENCHMARK RATE FUNDO DE ÍNDICE - RESPONSABILIDADE LIMITADA","62.34"
"HOMS11.SA","FII HOMS    CI","124.76"
"HOOT4F.SA","HOTEIS OTHONPN","6.37"
"HTEK11.SA","Htek - It Now Morningstar Xt Us Healthcare Fundo De Indice","55.83"
"HYBR11.SA","Nu Iboxx High Yield Hedge Carry Brl Classe De Indice Investimento No Exterior- Resp Limitada","52.81"
"HYEM39.SA","VANECK EMERGDRE","34.61"
"HYPE3F.SA","HYPERA      ON      NM","23.33"
"HYPE3Q.SA","HYPERA      ON      NM","22.54"
"HYPE9.SA","Hypera S.A.","23.40"
"HYPE9F.SA","HYPERA      ON  REC NM","23.10"
"I2ND34.SA","indie Semiconductor, Inc.","13.55"
"I2NG34.SA","Ingredion Incorporated","73.57"
"I2NV34.SA","Invitation Homes Inc.","24.71"
"IAAG11.SA","Inter Amerra - Fiagro - Imobiliario","8.15"
"IAGR11.SA","Sfi Investimentos Do Agronegocio - Fiagro Imobiliario","4.30"
"IB5M11.SA","It Now IMA-B5+ Fundo De Indice","120.90"
"IBIT39.SA","BKR BITCOIN DRE","70.49"
"IBOB11.SA","Btg Pactual B3 Ibovespa Fundo De Indice","152.02"
"IBOV11.SA","IBOVESPA    IBO/","185,513.00"
"IDKA11.SA","It Now Irfm P3 Fundo De Indice Responsabilidade Limitada","58.11"
"IFCM3F.SA","INFRACOMM   ON      NM","0.92"
"IFRA11.SA","Itau FIC De Fundos De Investimento Em Direitos Creditorios De Infraestrutura","100.14"
"IFRI11.SA","Itau Fundo De Investimento Em Cotas De FIDIFEI Cdi Renda Fixa Credito Privado - Resp Limitada","103.90"
"IGTI11.SA","Iguatemi S.A.","27.88"
"IGTI11F.SA","IGUATEMI S.AUNT     N1","27.79"
"IGTI3F.SA","IGUATEMI S.AON      N1","3.16"
"IGTI4F.SA","IGUATEMI S.APN      N1","12.00"
"IMAB11.SA","It Now Id ETF Ima-B Fundo De Indice","110.95"
"IMBB11.SA","FUNDO DE INVESTIMENTO DE ÍNDICE - CLASSE DE INVESTIMENTO ETF BRADESCO IMA-B - RESP LIMITADA","145.43"
"INBR32Q.SA","--","43.72"
"INEP3F.SA","INEPAR      ON","1.25"
"INEP4F.SA","INEPAR      PN","1.23"
"INFB11.SA","Drys Fundo De Investimento Em Cotas De Fundos Incentivados De Investimento Em Infraestrutura R F","84.77"
"INTB3F.SA","INTELBRAS   ON      NM","14.81"
"IRBR3F.SA","IRBBRASIL REON      NM","55.56"
"IRFM11.SA","It Now IRF - M P2 Fundo De Indice","98.79"
"IRIF11.SA","Iridium Infra Fundo De Investim Em Cotas De Fundos Incent De Investim Em Infraes Renda Fixa","9.26"
"IRIM11Q.SA","FII IRIM    CI  ER","62.50"
"ISAE3F.SA","ISA ENERGIA ON  ED  N1","34.96"
"ISAE4F.SA","ISA ENERGIA PN  ED  N1","28.78"
"ISEN11.SA","ITAÚ ISENTO MARÇO 29 FUNDO DE INVESTIMENTO EM COTAS DE FIIF EM INFRA RF - RESP LIMITADA","111.54"
"ISET11.SA","Itaú Isento Setembro 28 Fundo De Investimento Em Cotas De Fiif Em Infra Rf Resp Limitada","111.11"
"ISNN11.SA","Itau Isento Julho 28 Fic De Fundos Incentivados De Inv Financeiro Em Infra Rf Resp Limitada","1,046.15"
"ISNT11.SA","Itau Isento Marco 28 Fundo De Investimento E Cotas D F I D I Financeiro Em Infraestrutura Renda Fixa","1,083.77"
"ISTT11.SA","Itau Isento Setembro 29 Fundo De Investimento Em Cotas De Fundos Incentivados De Inv Fi Em IRFRL","1,078.54"
"ISUS11.SA","It Now ISE Index Fund","46.72"
"ITRI11Q.SA","--","85.50"
"ITSA3F.SA","ITAUSA      ON  EJ  N1","13.57"
"ITSA3Q.SA","ITAUSA      ON      N1","13.28"
"ITSA4F.SA","ITAUSA      PN      N1","13.68"
"ITSA4Q.SA","ITAUSA      PN  EJ  N1","13.59"
"ITUB3F.SA","ITAUUNIBANCOON  EJ  N1","41.98"
"ITUB3Q.SA","--","41.97"
"ITUB4F.SA","ITAUUNIBANCOPN      N1","43.00"
"ITUB4Q.SA","ITAUUNIBANCOPN  EJ  N1","42.79"
"IVVB11.SA","iShares S&P 500 Fundo de Investimento - Investimento No Exterior","387.30"
"IWMI11.SA","Buena Vista Gestora De Recursos Ltda- Neos Russell 2000 High Income Ind Fundo De Indice","77.26"
"J2BL34.SA","Jabil Inc.","184.23"
"JALL3F.SA","JALLESMACHADON      NM","3.42"
"JEPI39.SA","JPMorgan Asset Management (AUS) Ltd","49.29"
"JFEN3F.SA","JOAO FORTES ON","0.78"
"JGPX11.SA","Fundo De Investimento Nas Cadeias Produtivas Agroindustriais Jgp Credito Fiagro Imobiliario","69.96"
"JHSF3F.SA","JHSF PART   ON      NM","8.93"
"JMBI11.SA","Jivemaua Bossanova Fundo De Investimento Em Cotas De Fundos Incentivados De I Em I R F R Limitada","90.34"
"JOGO11.SA","Investo Etf Global Video Gaming & Esports Fundo De Investimento De Indice - Ie","115.37"
"JOPA3F.SA","JOSAPAR     ON","22.02"
"JOPA4F.SA","JOSAPAR     PN","23.30"
"JSLG3F.SA","JSL         ON      NM","6.91"
"JURO11.SA","Sparta Infra Fundo Investimento Cotas Fundos Incentivados Investimento Infraestrutura Renda Fi Cr Pr","102.90"
"K2RC34.SA","Kilroy Realty Corporation","18.55"
"KDIF11.SA","Kinea Infra Fundo Investimento Cotas Fundos Investimento Direitos Creditorios Infraestrutura","130.22"
"KDOL11.SA","Kinea Agro Income Usd Fiagro-Imobiliario","89.01"
"KEPL3F.SA","KEPLER WEBERON      NM","8.50"
"KLBN11F.SA","KLABIN S/A  UNT     N2","19.42"
"KLBN3F.SA","KLABIN S/A  ON      N2","3.88"
"KLBN4F.SA","KLABIN S/A  PN      N2","3.91"
"KNCA11.SA","Kinea Credito Agro Fiagro-Imobiliario","95.38"
"KNDI11.SA","Kinea Estrategia Infra Cdi Fundo De Investimento Em Participacoes Em Infraestrutura Resp Limitada","104.89"
"KNOX11.SA","Fip Knox Debt Infraestrutura","100.22"
"KOPA11.SA","Kinea Oportunidades Agro I Fiagro - Responsabilidade Limitada","559.00"
"L1NE34.SA","--","23.20"
"L2PL34.SA","LPL Financial Holdings Inc.","87.83"
"L2RN34.SA","Stride, Inc.","115.69"
"L2SC34.SA","Lattice Semiconductor Corporation","65.31"
"LAFI11.SA","FIAGRO LAFI CI","119.26"
"LAND3F.SA","TERRASANTAPAON      NM","8.69"
"LAVV3F.SA","LAVVI       ON      NM","14.32"
"LAVV3Q.SA","--","14.20"
"LEVE3F.SA","METAL LEVE  ON      NM","35.68"
"LFIN11.SA","BTGP LFIN   F11","107.06"
"LFIX11.SA","Investo V8 Letra Financeira B3 Fundo De Indice","20.34"
"LFTB11.SA","Investo Etf Marketvector Brazil Treasury 760 Day Target Duration Classe De Indice - Responsab Limita","119.20"
"LFTI11.SA","It Now Teva Tesouro Selic Fundo De Indice Responsabilidade Limitada","51.81"
"LFTS11.SA","Investo Teva Tesouro Selic Etf - Fundo De Investimento De Indice","150.18"
"LIGT3F.SA","LIGHT S/A   ON      NM","4.65"
"LJQQ3F.SA","QUERO,QUERO ON      NM","2.09"
"LLFT11.SA","BTG Pactual Teva Tesouro Selic Fundo De Indice","111.58"
"LOGG3F.SA","LOG COM PROPON      NM","28.09"
"LOGN3F.SA","LOG,IN      ON      NM","32.50"
"LPSB3F.SA","LOPES BRASILON      NM","1.71"
"LREN3F.SA","LOJAS RENNERON      NM","15.39"
"LREN3Q.SA","LOJAS RENNERON      NM","15.70"
"LSAG11.SA","LESTE FUNDO DE INVESTIMENTO NAS CADEIAS PRODUTIVAS AGROINDUSTRIAIS- FIAGRO - IMOBILIÁRIO","83.74"
"LTNB11.SA","Btg Pactual Irf-M P2 Fundo De Indice","108.91"
"LUPA3F.SA","LUPATECH    ON      NM","0.82"
"LUXM4F.SA","TREVISA     PN","4.27"
"LVBI11.SA","Fundo De Investimento Imobiliario - VBI Logistico - Cota Fund","109.37"
"LVOL11.SA","Nu Ibov Smart Low Volatility B3 Classe De Indice - Responsabilidade Limitada","142.82"
"LWSA3F.SA","LWSA        ON      NM","3.81"
"M2AS34.SA","Masimo Corporation","31.07"
"M2KS34.SA","MKS Inc.","68.54"
"M2PM34.SA","MP Materials Corp.","55.78"
"M2PR34.SA","Monolithic Power Systems, Inc.","96.40"
"M2RV34.SA","Marvell Technology, Inc.","51.33"
"M2ST34.SA","Strategy Inc","10.38"
"MAPT4F.SA","CEMEPE      PN","3.84"
"MARG11.SA","Btg Pactual Margem Debentures Ultra Qualidade Di B3 Fundo De Indice","115.22"
"MATB11.SA","It Now IMAT Index Fund","61.24"
"MATD3F.SA","NASDAQ OMX Nordic Invest Compan","5.72"
"MBRF3F.SA","MARFRIG     ON  ATZ NM","19.65"
"MBRF3Q.SA","MARFRIG     ON  ATZ NM","17.06"
"MCEM15.SA","Merito Cemiterios Fii - Fundo De Investimento Imobiliario","61.70"
"MDIA3F.SA","M.DIASBRANCOON      NM","22.40"
"MDNE3F.SA","MOURA DUBEUXON      NM","32.80"
"MEAL3F.SA","IMC S/A     ON      NM","1.02"
"MELK3F.SA","MELNICK     ON      NM","3.49"
"MERC4F.SA","MERC FINANC PN","16.08"
"META11.SA","Hashdex Crypto Metaverse Fundo De Indice","8.49"
"MGEL4F.SA","MANGELS INDLPN","6.03"
"MGLU3F.SA","MAGAZ LUIZA ON      NM","8.93"
"MIDB11.SA","BTGP B2035  F11","100.87"
"MILL11.SA","It Now Msci Usa Imi Millenials Select 50 Fundo De Indice","72.58"
"MILS3F.SA","MILLS       ON      NM","13.95"
"MLAS3F.SA","MULTILASER  ON      NM","1.38"
"MNDL3F.SA","STX TR.EXP.EU.50 NR EO","17.44"
"MNPR3F.SA","MINUPAR     ON","4.21"
"MOTV3F.SA","MOTIVA SA   ON      NM","15.81"
"MOVI1.SA","MOVIDA      DO   11,72","1.70"
"MOVI1F.SA","MOVIDA      DO   11,72","1.56"
"MOVI3F.SA","MOVIDA      ON  ES  NM","13.14"
"MRSA3BF.SA","MRS LOGISTICA","46.00"
"MRSA5BF.SA","MRS LOGISTICA","45.00"
"MRSA6BF.SA","MRS LOGISTICA","44.00"
"MRVE3F.SA","MRV         ON  ATZ NM","8.40"
"MSPA3F.SA","MELHOR SP   ON","46.39"
"MTRE3F.SA","MITRE REALTYON  ED  NM","3.75"
"MTSA4F.SA","STXE600 E.UK F.B.+T.PR EO","61.01"
"MULT3F.SA","MULTIPLAN   ON      N2","31.75"
"MWET3F.SA","WETZEL S/A  ON","16.00"
"MWET4F.SA","WETZEL S/A  PN","23.35"
"MYPK3F.SA","IOCHP,MAXIONON      NM","9.12"
"N2ET34.SA","Cloudflare, Inc.","63.22"
"N2LY34.SA","Annaly Capital Management, Inc.","112.31"
"N2TN34.SA","Nutanix, Inc.","54.47"
"N2VC34.SA","NovoCure Limited","5.83"
"NASD11.SA","Trend Etf Nasdaq 100 Fundo De Investimento De Indice - Investimento No Exterior","17.56"
"NATU3F.SA","NATURA      ON      NM","9.96"
"NATU3Q.SA","NATURA      ON      NM","9.44"
"NBIT11.SA","Nu Nasdaq Brazil Bitcoin Carry Futures Classe De Indice - Responsabilidade Limitada","29.34"
"NBOV11.SA","Nu Ibovespa B3 BR + Classe De Indice Ibovespa B3 BR + Responsabilidade Limitada","126.10"
"NCDI11.SA","NUCDISELICB3F11","106.23"
"NDIV11.SA","Nu Renda Ibov Smart Dividendos Fundo De Indice","128.64"
"NEOE3F.SA","NEOENERGIA  ON      NM","33.26"
"NEXG11.SA","FIAGRO NEXG CI","131.00"
"NEXP3F.SA","NEXPE       ON","2.75"
"NGRD3F.SA","NEOGRID     ON      NM","29.16"
"NLFA11.SA","Nu Letras Financeiras Anbima Classe De Índice - Responsabilidade Limitada","103.70"
"NORD3F.SA","NORDON MET  ON","3.30"
"NSAT34.SA","NATL STORAGEDRN ED","50.65"
"NSDV11.SA","Nu Ibov Smart Dividendos Fundo De Indice","157.22"
"NTNS11.SA","Investo Teva Tesouro Ipca+ 0 A 4 Anos Etf - Fundo De Investimento De Indice","63.75"
"NUCL11.SA","Investo MVIS Global Uranium & Nuclear Energy ETF Fundo De Indice","87.36"
"NUIF11.SA","Nu Asset FICFII Em Debentures De Infraestrutura Renda Fixa Credito Privado","92.50"
"NUTR3F.SA","NUTRIPLANT  ON","2.15"
"O2LE34.SA","Universal Display Corporation","27.80"
"O2NS34.SA","ON Semiconductor Corporation","41.09"
"OBTC3.SA","Oranjebtc S.A. - Educação e Investimento","7.15"
"OBTC3F.SA","ORANJEBTC   ON","7.25"
"ODPV3F.SA","ODONTOPREV  ON      NM","13.64"
"OFSA3F.SA","OUROFINO S/AON      NM","26.92"
"OGIN11.SA","Orama Fundo De Investimento Em Cotas De Fundos Incentivados De Investimento Em Infraestrutura Renda","8.14"
"OIAG11.SA","Ourinvest Innovation - Fiagro Imobiliario","9.20"
"OIBR3F.SA","OI          ON      N1","0.17"
"OIBR4F.SA","OI          PN      N1","1.29"
"ONCO3F.SA","ONCOCLINICASON      NM","1.92"
"OPCT3F.SA","OCEANPACT   ON      NM","9.26"
"ORVR3F.SA","ORIZON      ON      NM","68.10"
"OSXB3F.SA","OSX BRASIL  ON      NM","1.58"
"OURO11.SA","B-Index Etf Ouro Brl B3 Fundo De andice -Responsabilidade Limitada","99.31"
"P2AN34.SA","Palo Alto Networks, Inc.","13.09"
"P2CF34.SA","Grupo Aeroportuario del Pacífico, S.A.B. de C.V.","8.41"
"P2CY34.SA","Paylocity Holding Corporation","19.36"
"P2EG34.SA","Pegasystems Inc.","18.70"
"P2NB34.SA","Penumbra, Inc.","59.41"
"P2OS34.SA","POST HOLDINGDRN","85.68"
"P2ST34.SA","Everpure, Inc.","84.40"
"P2TC34.SA","PTC Inc.","50.36"
"PACB11.SA","Btg Pactual Teva Tesouro Ipca Ultra Longo Ce Fundo De Indice - Responsabilidade Limitada","10.64"
"PACC11.SA","Btg Pactual Ima-B 5 P2 Fundo De Indice","114.84"
"PACG11.SA","BTG Pactual Ima-B Fundo De Indice","112.27"
"PACL11.SA","Btg Pactual Ima-B 5+ Fundo De Indice","106.77"
"PATI3F.SA","PANATLANTICAON","33.99"
"PATI4F.SA","PANATLANTICAPN","35.00"
"PCAR3F.SA","P.ACUCAR,CBDON      NM","2.47"
"PDGR3F.SA","PDG REALT   ON      NM","2.25"
"PDTC3F.SA","PADTEC      ON      NM","1.63"
"PEAB3F.SA","Nasdaq North America Chemicals ","38.99"
"PEAB4F.SA","PAR AL BAHIAPN","43.75"
"PETR3F.SA","PETROBRAS   ON      N2","51.90"
"PETR4F.SA","PETROBRAS   PN      N2","47.47"
"PETR4Q.SA","PETROBRAS   PN      N2","47.25"
"PEVC11.SA","Investo Bluestar Top 10 Us Listed Alternative Asset Managers Etf FII Investimento No Exterior","146.14"
"PFIN11.SA","Perfin Apollo Energia Fundo De Investimento Em Participacoes Em Infraestrutura","87.99"
"PFRM3F.SA","PROFARMA    ON      NM","7.55"
"PGMN3F.SA","PAGUE MENOS ON      NM","6.40"
"PGMN3Q.SA","--","6.26"
"PHIP11.SA","ITBRCURTOPHRF11","114.59"
"PIBB11.SA","It Now PIBB IBrX-50 Index Fund","331.10"
"PICE11.SA","Patria Infraestrutura Energia Core Fundo De Investimento Em Participacoes Em Infraestrutura","31.85"
"PINE10.SA","PINE        PN  REC N2","12.00"
"PINE10F.SA","PINE        PN  REC N2","12.85"
"PINE3F.SA","PINE        ON      N2","12.39"
"PINE4F.SA","PINE        PN      N2","12.19"
"PIPE11.SA","ETF BV PIPE CI  ER","103.50"
"PKIN11.SA","Bindex Etf Connect China Universal Csi 300 Fundo De Indice Responsabilidade Limitada","118.37"
"PLAS3F.SA","PLASCAR PARTON","3.97"
"PLCA11.SA","Plural Credito Agro - Fiagro - Imobiliario","78.78"
"PLPL3F.SA","PLANOEPLANO ON      NM","14.20"
"PMAM1.SA","PARANAPANEMADO    0,94","0.01"
"PMAM1F.SA","PARANAPANEMADO    0,94","0.01"
"PMAM3F.SA","PARANAPANEMAON      NM","0.52"
"PNVL3F.SA","DIMED       ON      NM","14.75"
"POMO3F.SA","MARCOPOLO   ON      N2","5.89"
"POMO4F.SA","MARCOPOLO   PN      N2","6.28"
"POSB11.SA","Galapagos Teva Tesouro Selic & Ipca Fundo De Indice","100.25"
"POSI3F.SA","POSITIVO TECON      NM","4.22"
"PPEI11.SA","Prisma Proton Energia Fundo De Investimento Em Participacoes Em Infraestrutura","83.20"
"PRIF11.SA","INFRA PRIF  CI","100.00"
"PRIO3F.SA","PETRORIO    ON      NM","67.30"
"PRIO3Q.SA","PETRORIO    ON      NM","68.20"
"PRNR3F.SA","PRINER      ON      NM","19.26"
"PSEC11.SA","Patria Securities Fundo De Investimento Imobiliário - Responsabilidade Limitada","61.96"
"PSSA3F.SA","PORTO SEGUROON      NM","49.73"
"PSSA3Q.SA","PORTO SEGUROON      NM","49.00"
"PTBL3F.SA","PORTOBELLO  ON      NM","3.20"
"PTNT3F.SA","PETTENATI   ON","8.62"
"PTNT4F.SA","PETTENATI   PN","8.67"
"Q2SC34.SA","QuantumScape Corporation","11.99"
"QBTC11.SA","Qr Cme Cf Bitcoin Reference Rate Fundo De Indice Investimento No Exterior","22.45"
"QDFI11.SA","Qr Bloomberg Defi Fundo De Indice - Investimento No Exterior","1.62"
"QETH11.SA","QR CME CF ETHER REFERENCE RATE FUNDO DE ÍNDICE - INVESTIMENTO NO EXTERIOR","8.08"
"QLBR11.SA","RBINVESTOETFCI","125.79"
"QQQI11.SA","Buena Vista Nasdaq-100 Neos High Income Etf Index (Ndxhien) Fundo De Indic - RL - Buena Vista II FI","90.68"
"QQQQ11.SA","Buena Vista V Fundo De Indice","100.85"
"QSOL11.SA","Qr Cme Cf Solana Dollar Reference Rate Fundo De Índice Investimento No Exterior Respons Limitada","5.80"
"QTOP39.SA","iShares Trust","52.45"
"QUAL3F.SA","QUALICORP   ON      NM","2.10"
"QUBT34.SA","QUANTUM COMPDRN","38.48"
"R2AR34.SA","Ultragenyx Pharmaceutical Inc.","10.76"
"R2GE34.SA","Repligen Corporation","20.50"
"R2NG34.SA","RingCentral, Inc.","7.96"
"R2PD34.SA","Rapid7, Inc.","2.43"
"R2RX34.SA","Regal Rexnord Corporation","56.57"
"RADL3F.SA","RAIADROGASILON      NM","24.61"
"RADL3Q.SA","RAIADROGASILON      NM","23.14"
"RAIL3F.SA","RUMO S.A.   ON      NM","16.50"
"RAIL3Q.SA","RUMO S.A.   ON      NM","16.83"
"RAIZ4F.SA","RAIZEN      PN      N2","0.56"
"RANI3F.SA","IRANI       ON      NM","9.65"
"RAPT3F.SA","RANDON PART ON      N1","5.23"
"RAPT4F.SA","OMX Stockholm Energy GI","5.04"
"RBFM11.SA","FII RIOB MT CI","11.00"
"RBIF11.SA","Rio Bravo Esg FICFI Em Infraestrutura Renda Fixa Credito Privado","78.49"
"RBRP11.SA","Fundo Investimento Imobiliario Rbr Properties Fii","52.08"
"RBRR11.SA","Fundo Investimento Imobiliario - FII RBR Rendimento High Grade","85.36"
"RBRX11Q.SA","FII RBRX PAXCI  ER","8.50"
"RBRY11.SA","Fundo Investimeto Imobiliario Rbr Private Credito Imobiliario","97.83"
"RCSL3F.SA","RECRUSUL    ON","0.72"
"RCSL4F.SA","RECRUSUL    PN","1.06"
"RDOR3F.SA","REDE D OR   ON      NM","39.17"
"RDOR3Q.SA","REDE D OR   ON      NM","39.85"
"RECM11.SA","Rec Multiestrategia Fundo De Investimento Imobiliario Responsabilidade Limitada","8.50"
"RECV3F.SA","PETRORECSA  ON      NM","13.35"
"REDE3F.SA","REDE ENERGIAON  ED","6.25"
"RELG11Q.SA","--","63.50"
"RENT3F.SA","LOCALIZA    ON      NM","47.52"
"RENT3Q.SA","LOCALIZA    ON      NM","47.97"
"RENT4.SA","Localiza Rent a Car S.A.","45.52"
"RENT4F.SA","LOCALIZA    PN      NM","45.00"
"REVE11.SA","It Now Russell® 1000 Green Revenues 50 Fundo De Indice","64.84"
"RGTI34.SA","RIGETTI COMPDRN","80.65"
"RIAA3F.SA","RIACHUELO   ON      NM","9.65"
"RICO11.SA","Buena Vista Viii Fundo De Indice","28.97"
"RIFF11.SA","Riff Fundo De Investimento Em Cotas De Fundos Incentivados De Investimento Em Infraestrut Renda Fixa","8.07"
"RNEW3F.SA","RENOVA      ON      N2","1.15"
"RNEW4F.SA","RENOVA      PN      N2","1.11"
"ROMI3F.SA","ROMI        ON      NM","7.26"
"ROXO34Q.SA","NU HOLDINGS DRN","12.94"
"RPAD3F.SA","ALFA HOLDINGON","6.17"
"RPAD5F.SA","ALFA HOLDINGPNA","6.14"
"RPAD6F.SA","ALFA HOLDINGPNB","5.11"
"RPMG3F.SA","PET MANGUINHON","2.04"
"RSID3F.SA","ROSSI RESID ON      NM","1.70"
"RSSL39.SA","GX RUSSL2000DRE","50.61"
"RSUL4F.SA","MSCI EAFE MID/INDUSTRIA NETR US","62.00"
"RTEL16.SA","FII RTEL    CI","32.35"
"RURA11.SA","Itau Asset Rural Fiagro - Imobiliario","9.00"
"RVEE3F.SA","REVEE       ON      NM","1.10"
"RZAG11.SA","Fundo De Investimento Nas Cadeias Produtivas Agroindustriais Riza Agro - Fiagro - Imobiliario","9.21"
"RZNE11.SA","FIAGRO RZNE CI","11.01"
"S2CH34.SA","Sociedad Química y Minera de Chile S.A.","68.00"
"S2ED34.SA","SolarEdge Technologies, Inc.","7.65"
"S2FM34.SA","Sprouts Farmers Market, Inc.","147.72"
"S2MP34.SA","SIMPLY GOOD DRN","25.14"
"S2NA34.SA","Snap Inc.","3.83"
"S2TW34.SA","Starwood Property Trust, Inc.","30.60"
"SANB11F.SA","SANTANDER BRUNT","30.01"
"SANB11Q.SA","--","30.50"
"SANB3F.SA","SANTANDER BRON","15.02"
"SANB4F.SA","SANTANDER BRPN","15.27"
"SAPR11F.SA","SANEPAR     UNT     N2","43.48"
"SAPR11Q.SA","SANEPAR     UNT     N2","42.42"
"SAPR3F.SA","SANEPAR     ON      N2","9.91"
"SAPR4F.SA","SANEPAR     PN      N2","8.23"
"SBFG3F.SA","GRUPO SBF   ON      NM","12.28"
"SBSP3F.SA","SABESP      ON      NM","156.80"
"SCAR3F.SA","SAO CARLOS  ON      NM","14.18"
"SCVB11.SA","Investo Marketvector Brazil Small Cap Value Etf - Fundo De Investimento De Andice","95.08"
"SEER3F.SA","SER EDUCA   ON      NM","10.75"
"SEQL3F.SA","SEQUOIA LOG ON      NM","0.24"
"SFIX11.SA","Btg Pactual Teva Itbr Ipca 95-5 Fundo De Indice","106.84"
"SHOW3F.SA","TIME FOR FUNON      NM","5.00"
"SHUL4F.SA","SCHULZ      PN","5.37"
"SILK11.SA","It Now Msci China A50 Fundo De Indice Responsabilidade Limitada","58.25"
"SIMH1.SA","SIMPAR      DO   11,24","0.28"
"SIMH1F.SA","SIMPAR      DO   11,24","0.26"
"SIMH3F.SA","SIMPAR      ON  ES  NM","11.49"
"SIVR39.SA","ABDEN SILV  DRE","119.16"
"SLCE3F.SA","SLC AGRICOLAON      NM","18.39"
"SMAB11.SA","Btg Pactual Smll B3 Fundo De Indice","8.66"
"SMAC11.SA","It Now Small Cap Fundo De Indice Fund","62.20"
"SMAL11.SA","iShares BM&FBovespa Small Cap Fundo de Índice","118.68"
"SMFT3F.SA","SMART FIT   ON      NM","19.28"
"SMIN39.SA","MSCI INDIASCDRE","40.49"
"SMTO3F.SA","SAO MARTINHOON      NM","20.29"
"SNAG11.SA","Suno Agro - Fiagro-Imobiliario","10.65"
"SNAG12.SA","FIAGRO SUNO DM   10,50","0.03"
"SNFZ11.SA","Suno Fazendas Fiagro – Imobiliario","9.74"
"SNID11.SA","Suno Infra Debentures FICFI De Investimento Em Infraestrutura Renda Fixa Credito Privado","11.32"
"SNSY3F.SA","SANSUY      ON","10.14"
"SNSY5F.SA","SANSUY      PNA","2.45"
"SNSY6F.SA","--","11.51"
"SOFF11.SA","Fundo De Investimento Imobiliario Sofia","102.00"
"SOJA3F.SA","BOA SAFRA   ON      NM","6.93"
"SOLH11.SA","Hashdex Nasdaq Solana Fundo De Indice","13.32"
"SOLN39.SA","21SH SOLANA DRE","31.63"
"SOND5F.SA","SONDOTECNICAPNA","75.50"
"SOND6F.SA","SONDOTECNICAPNB","55.57"
"SPBZ11.SA","BTG SPHEDGE CI","108.07"
"SPUB11.SA","Safra Etf Ibovespa Empresas Estatais Fundo De Indice - Responsabilidade Limitada","66.00"
"SPVT11.SA","Safra ETF Ibovespa Empresas Privadas Fundo De Indice - Responsabilidade Limitada","70.75"
"SPXB11.SA","Btg Pactual S&P 500 Fundo De Indice","15.14"
"SPXH11.SA","TREND SP BRLCI","48.61"
"SPXI11.SA","It Now S&P500 TRN Fundo de Índice","47.07"
"SPXR11.SA","IT Now S&P 500 Futures Quanto Brl Fundo De Indice - Responsabilidade Limitada","62.14"
"SPYI11.SA","Buena Vista Us High Income Etf Fundo De Indice Neos U.S Equity High Income Index","102.93"
"SPYR11.SA","B-Index Etf S&P 500 Brl Fundo De Indice - Responsabilidade Limitada","96.48"
"STOC34.SA","StoneCo Ltd.","75.12"
"SUIN11.SA","Sulamerica Infra Cdi Fundo De Investimento Em Cotas De Fundo De Investimento Financeiro Em IRFRL","87.98"
"SUZB3F.SA","SUZANO S.A. ON      NM","51.23"
"SUZB3Q.SA","SUZANO S.A. ON      NM","51.79"
"SVAL11.SA","Investo ETF S&P Smallcap 600 Value Fundo De Investimento De Indice - Investimento No Exterior","136.05"
"SYNE3F.SA","SYN PROP TECON      NM","4.73"
"T10R11.SA","It Now Sp Tesouro Americano 10 Anos Brl Fundo De Indice - Responsabilidade Limitada","53.53"
"T2ER34.SA","Teradyne, Inc.","93.86"
"T2ND34.SA","Tandem Diabetes Care, Inc.","8.43"
"T2RE34.SA","Trex Company, Inc.","12.99"
"T2RM34.SA","Trimble Inc.","34.41"
"T2YL34.SA","Tyler Technologies, Inc.","31.02"
"TAEE11F.SA","TAESA       UNT     N2","42.70"
"TAEE3F.SA","TAESA       ON      N2","13.91"
"TAEE4F.SA","TAESA       PN      N2","14.31"
"TASA3F.SA","TAURUS ARMASON      N2","5.47"
"TASA4F.SA","TAURUS ARMASPN      N2","5.38"
"TBIL39.SA","GX T BILL   DRE","52.45"
"TCSA3F.SA","TECNISA     ON      NM","1.31"
"TD3511.SA","IT NOW TD35 F11","50.08"
"TD5011.SA","IT NOW TD50 F11","49.81"
"TD6011.SA","IT NOW TD60 F11","49.85"
"TECK11.SA","It Now Nyse Fang+ Fundo De Indice","96.48"
"TECN3F.SA","TECHNOS     ON      NM","8.33"
"TECX11.SA","B-Index Etf Connect China Amc Chinext Fundo De Indice Responsabilidade Limitada","157.60"
"TELB3F.SA","TELEBRAS    ON","14.50"
"TELB4F.SA","TELEBRAS    PN","9.03"
"TEND3F.SA","TENDA       ON      NM","31.69"
"TF473.SA","--","10.00"
"TF475.SA","--","6.00"
"TF483.SA","--","10.00"
"TF485.SA","--","10.00"
"TF493.SA","--","5.10"
"TF495.SA","--","10.00"
"TF503.SA","--","10.00"
"TF505.SA","--","10.00"
"TF513.SA","--","5.10"
"TF515.SA","--","10.00"
"TF519.SA","ATIVO TESTE ON SPA","10.00"
"TF523.SA","--","10.00"
"TF525.SA","--","10.00"
"TF533.SA","--","10.00"
"TF535.SA","--","10.00"
"TF543.SA","--","10.00"
"TF545.SA","--","10.00"
"TF553.SA","--","5.10"
"TF563.SA","--","10.00"
"TF565.SA","--","10.00"
"TF573.SA","--","10.00"
"TF575.SA","--","10.00"
"TF583.SA","--","10.00"
"TF585.SA","--","10.00"
"TF593.SA","--","10.00"
"TF603.SA","--","10.00"
"TF623.SA","--","10.00"
"TF655.SA","--","5.10"
"TF665.SA","--","10.00"
"TF675.SA","--","9.81"
"TF681.SA","ATIVO TESTE ON SPA","10.00"
"TF685.SA","--","10.00"
"TF693.SA","ATIVO TESTE ON","10.00"
"TF703.SA","ATIVO TESTE ON","10.00"
"TF713.SA","ATIVO TESTE ON","10.00"
"TF723.SA","ATIVO TESTE ON","10.00"
"TFCO4F.SA","TRACK FIELD PN      N2","16.46"
"TGMA3F.SA","TEGMA       ON      NM","30.01"
"TGMA3Q.SA","TEGMA       ON      NM","29.50"
"TIMS3F.SA","TIM         ON      NM","27.13"
"TIRB11.SA","BTG Pactual Teva Dividendos Ativos Reais Listados Fundo De Indice - Responsabilidade Limitada","14.39"
"TKNO3F.SA","TEKNO       ON","220.00"
"TKNO4F.SA","TEKNO       PN","220.00"
"TOKY3F.SA","GRUPO TOKY  ON      NM","0.40"
"TORD11.SA","Tordesilhas Ei Fundo De Investimento Imobiliario","1.59"
"TOTS3F.SA","TOTVS       ON      NM","35.18"
"TPIS3F.SA","TRIUNFO PARTON      NM","6.76"
"TRAD3F.SA","TC          ON      NM","2.24"
"TRIG11.SA","Etf Trigono Teva Acoes Micro Cap / Small Cap Fundo De Indice","49.95"
"TRIS3F.SA","TRISUL      ON      NM","5.90"
"TRUE11.SA","Fundo de Investimento Imobiliario True Multiestrategia - Responsibilidade Limitada","26.16"
"TRXF11Q.SA","FII TRX REALCI","96.44"
"TRXY11Q.SA","FII TRXY    CI","8.47"
"TTEN3F.SA","3TENTOS     ON      NM","15.60"
"TUPY3F.SA","TUPY        ON      NM","12.27"
"TXRX4F.SA","TEX RENAUX  PN","1.55"
"U2PS34.SA","Upstart Holdings, Inc.","7.29"
"UCAS3F.SA","UNICASA     ON      NM","1.57"
"UGPA3F.SA","ULTRAPAR    ON      NM","28.32"
"UGPA3Q.SA","ULTRAPAR    ON      NM","27.63"
"UNIP3F.SA","UNIPAR      ON","59.95"
"UNIP5F.SA","UNIPAR      PNA","60.00"
"UNIP6F.SA","UNIPAR      PNB","59.84"
"USAL11.SA","Trend Etf Crsp Us Large Cap Fiim Ie","14.78"
"USDB11.SA","Investo Bloomberg Us Bond Etf Fundo De Investimento De indice  Investimento No Exterior","100.38"
"USIM3F.SA","FLEXSHARES ESG & CLIMATE DEVELO","6.67"
"USIM5F.SA","USIMINAS    PNA     N1","6.75"
"USIM6F.SA","USIMINAS    PNB     N1","8.00"
"USTK11.SA","Investo ETF MSCI US Technology Fundo De Investimento De Indice – Investimento No Exterior","16.76"
"UTEC11.SA","Trend Etf Msci Us Technology Fundo De Investimento De Indice","22.17"
"UTLL11.SA","Investo B3 Utilidade Pública Fundo De Índice","129.97"
"V1RT34.SA","VERTIV HOLDSDRN ED","143.74"
"V1ST34.SA","VISTRA CORP DRN ED","56.23"
"V2RN34.SA","Varonis Systems, Inc.","18.85"
"V2TX34.SA","VTEX        DRN","20.35"
"VALE3F.SA","VALE        ON      NM","79.50"
"VAMO1.SA","VAMOS       DO    3,85","0.11"
"VAMO1F.SA","VAMOS       DO    3,85","0.10"
"VAMO3F.SA","VAMOS       ON  ES  NM","3.78"
"VBBR3F.SA","VIBRA       ON      NM","31.85"
"VBBR3Q.SA","VIBRA       ON      NM","30.80"
"VCRA11.SA","Vectis Datagro Crédito Agronegócio - Fi Nas Cadeias Produtivas Do Agronegócio Resp Limitada","63.61"
"VCTH11.SA","FII VCTH    CI","110.00"
"VGIA11.SA","Valora Cra Fundo De Investimento In Agroindustrial Production Chains - Fiagro-Imobiliário","9.74"
"VHFA11.SA","FIAGRO VHFA CI","10.30"
"VIGT11.SA","Vinci Energia Fundo De Investimento Em Participacao Em Infraestrutura","46.05"
"VINF11.SA","Vinland Infraestrutura FIIF Em DICI Em Cotas Renda Fixa Credito Privado Responsabilidade Limitada","93.53"
"VITT3F.SA","VITTIA      ON      NM","4.22"
"VIVA3F.SA","VIVARA S.A. ON      NM","27.72"
"VIVA3Q.SA","VIVARA S.A. ON      NM","24.75"
"VIVR13.SA","VIVER       DM    0,22","0.01"
"VIVR13F.SA","VIVER       DM    0,22","0.01"
"VIVR3F.SA","VIVER       ON      NM","0.40"
"VIVT3F.SA","TELEF BRASILON","41.35"
"VLID3F.SA","VALID       ON      NM","20.47"
"VSTE3F.SA","VESTE       ON      NM","3.56"
"VTRU3F.SA","VITRUEDUCA  ON      NM","14.46"
"VULC3F.SA","VULCABRAS   ON      NM","17.65"
"VVCR11.SA","V2 Recebíveis Imobiliários Fundo de Investimento Imobiliário","9.44"
"VVEO3F.SA","VIVEO       ON      NM","1.31"
"VWRA11.SA","Investo FTSE All-World Fundo De Indice","99.80"
"W2EX34.SA","WEX Inc.","52.30"
"WDCN3F.SA","WDC NETWORKSON      NM","2.52"
"WEB311.SA","Hashdex Smart Contract Platforms Fundo De Indice","15.92"
"WEGE3F.SA","WEG         ON      NM","48.14"
"WEJR11.SA","BTGP WEJR   F11","105.82"
"WEST3F.SA","WESTWING    ON      NM","7.80"
"WHRL3F.SA","WHIRLPOOL   ON","4.16"
"WHRL4F.SA","WHIRLPOOL   PN","4.50"
"WIZC3F.SA","WIZ CO      ON      NM","8.93"
"WLMM3F.SA","WLM IND COM ON","22.00"
"WLMM4F.SA","WLM IND COM PN","22.79"
"WRLD11.SA","Investo Ftse Global Equities Etf Fundo De Investimento De Indice Investimento Exterior","131.35"
"XB3011.SA","TREND NTNB30F11","50.19"
"XB3511.SA","TREND NTNB35F11","51.30"
"XB4511.SA","Trend Etf Idex B45 Classe De Indice - Responsabilidade Limitada","49.96"
"XB5011.SA","TREND NTNB50F11","51.30"
"XB6011.SA","TREND NTNB60F11","49.83"
"XBIT11.SA","TREND BTC   CI","36.03"
"XBOV11.SA","CAIXA ETF Ibovespa Fundo de Índice - Cotas Fund","180.69"
"XETH11.SA","TREND ETH   CI","30.41"
"XFIX11.SA","TREND ETF IFIX-L CLASSE DE ÍNDICE - RESPONSABILIDADE LIMITADA","13.58"
"XINA11.SA","Trend Etf Msci China Fundo De Indice","7.66"
"XLPR11.SA","RB Capital Recebaveis Imobiliarios Fundo De Investimento Imobiliario FII","75.98"
"XPCA11.SA","Xp Credito Agricola - Fundo De Investimento Nas Cadeias Produtivas - Fiagro - Imobiliario","8.69"
"XPCI11.SA","Xp Credito Imobiliario ae Fundo De Investimento Imobiliario","83.60"
"XPID11.SA","XP FIC De Fundos Incentivados De Investimento Em Infraestrutura Renda Fixa","52.87"
"XPIE11.SA","XP Infra Fund II Fundo De Investimento Em Participacoes Infraestrutura","55.10"
"XRPH11.SA","Hashdex Nasdaq Xrp Fundo De Indice","11.48"
"YDUQ3F.SA","YDUQS PART  ON      NM","11.40"
"Z2DV34.SA","Ziff Davis, Inc.","15.38"
"Z2IT34.SA","ZoomInfo Technologies Inc.","3.75"
"Z2SC34.SA","Zscaler, Inc.","24.35"
